ID2,Latitude,Longitude,TopDepth,BottomDepth,1998,2008,2015
3,46.77879099993472,-117.08667799999922,0,10,5.44,5.14,4.8
3,46.77879099993472,-117.08667799999922,10,20,5.27,5.47,4.9
3,46.77879099993472,-117.08667799999922,20,30,6.08,6.1,5.61
3,46.77879099993472,-117.08667799999922,30,39,5.84,5.9,6.08
3,46.77879099993472,-117.08667799999922,39,65,6.14,6.25,6.52
3,46.77879099993472,-117.08667799999922,65,98,6.53,6.54,6.86
3,46.77879099993472,-117.08667799999922,98,153,6.76,6.75,7.11
5,46.77866599993601,-117.08584199999683,0,10,5.55,0,4.52
5,46.77866599993601,-117.08584199999683,10,20,5.35,5.04,5.19
5,46.77866599993601,-117.08584199999683,20,30,6.45,6.13,5.82
5,46.77866599993601,-117.08584199999683,30,42,6.01,5.73,6.01
5,46.77866599993601,-117.08584199999683,42,66,6.28,6.26,6.48
5,46.77866599993601,-117.08584199999683,66,97,6.61,6.59,6.88
5,46.77866599993601,-117.08584199999683,97,153,6.98,6.85,7.16
7,46.77863199993578,-117.08500599999627,0,10,5.46,4.86,4.79
7,46.77863199993578,-117.08500599999627,10,20,5.71,5.09,5.11
7,46.77863199993578,-117.08500599999627,20,30,6.14,5.94,5.69
7,46.77863199993578,-117.08500599999627,30,66,6.12,6.16,6.31
7,46.77863199993578,-117.08500599999627,66,84,6.46,6.44,6.74
7,46.77863199993578,-117.08500599999627,84,100,6.66,6.54,6.9
7,46.77863199993578,-117.08500599999627,100,153,6.78,6.7,7.19
9,46.77867399993299,-117.08416999999837,0,10,5.45,4.77,4.55
9,46.77867399993299,-117.08416999999837,10,20,5.41,5.26,4.78
9,46.77867399993299,-117.08416999999837,20,30,5.96,6.08,5.79
9,46.77867399993299,-117.08416999999837,30,47,5.93,5.64,6.06
9,46.77867399993299,-117.08416999999837,47,73,6.33,6.38,6.73
9,46.77867399993299,-117.08416999999837,73,103,6.45,6.63,6.94
9,46.77867399993299,-117.08416999999837,103,153,6.57,7.07,7.16
11,46.77865799993266,-117.08333399999816,0,10,5.59,4.66,4.69
11,46.77865799993266,-117.08333399999816,10,20,5.3,5.43,5.2
11,46.77865799993266,-117.08333399999816,20,30,5.89,6.09,5.84
11,46.77865799993266,-117.08333399999816,30,44,6.08,5.95,6.16
11,46.77865799993266,-117.08333399999816,44,62,6.27,6.27,6.84
11,46.77865799993266,-117.08333399999816,62,93,6.57,6.48,7.13
11,46.77865799993266,-117.08333399999816,93,153,6.71,6.81,7.05
13,46.778763999934995,-117.08249800000364,0,10,5.42,4.94,4.97
13,46.778763999934995,-117.08249800000364,10,20,5.52,5.44,5.38
13,46.778763999934995,-117.08249800000364,20,30,6.17,6.16,5.91
13,46.778763999934995,-117.08249800000364,30,48,6.22,5.47,6.18
13,46.778763999934995,-117.08249800000364,48,77,6.4,6.11,6.68
13,46.778763999934995,-117.08249800000364,77,105,6.57,6.41,6.89
13,46.778763999934995,-117.08249800000364,105,153,6.74,6.62,7.09
15,46.7787069999349,-117.08124400000357,0,10,5.74,4.88,5.18
15,46.7787069999349,-117.08124400000357,10,20,5.83,5.58,6.13
15,46.7787069999349,-117.08124400000357,20,30,6.74,6.5,6.24
15,46.7787069999349,-117.08124400000357,30,40,6.1,5.74,5.91
15,46.7787069999349,-117.08124400000357,40,64,6.11,6.08,6.55
15,46.7787069999349,-117.08124400000357,64,79,6.2,6.44,NA
15,46.7787069999349,-117.08124400000357,64,81,NA,NA,6.91
15,46.7787069999349,-117.08124400000357,79,110,5.81,6.16,NA
15,46.7787069999349,-117.08124400000357,81,110,NA,NA,6.81
15,46.7787069999349,-117.08124400000357,110,153,5.81,5.97,6.76
17,46.77879699993179,-117.07998999999812,0,10,5.25,4.58,4.54
17,46.77879699993179,-117.07998999999812,10,20,5,5.1,4.95
17,46.77879699993179,-117.07998999999812,20,30,5.68,5.88,5.71
17,46.77879699993179,-117.07998999999812,30,33,5.68,5.13,5.61
17,46.77879699993179,-117.07998999999812,33,65,5.89,5.95,6.33
17,46.77879699993179,-117.07998999999812,65,86,6.41,6.17,NA
17,46.77879699993179,-117.07998999999812,65,90,NA,NA,6.92
17,46.77879699993179,-117.07998999999812,86,153,6.11,6.09,NA
17,46.77879699993179,-117.07998999999812,90,153,NA,NA,7.57
19,46.778826619173316,-117.08846626321171,0,10,4.61,4.54,4.46
19,46.778826619173316,-117.08846626321171,10,20,5.22,4.78,4.62
19,46.778826619173316,-117.08846626321171,20,30,6.01,5.88,5.39
19,46.778826619173316,-117.08846626321171,30,43,NA,NA,5.87
19,46.778826619173316,-117.08846626321171,30,48,5.63,5.75,NA
19,46.778826619173316,-117.08846626321171,43,64,NA,NA,6.35
19,46.778826619173316,-117.08846626321171,48,64,5.9,6.08,NA
19,46.778826619173316,-117.08846626321171,64,82,6.15,6.29,NA
19,46.778826619173316,-117.08846626321171,64,83,NA,NA,6.64
19,46.778826619173316,-117.08846626321171,82,110,6,6.38,NA
19,46.778826619173316,-117.08846626321171,83,110,NA,NA,6.75
19,46.778826619173316,-117.08846626321171,110,127,6.19,6.4,6.75
19,46.778826619173316,-117.08846626321171,127,153,6.29,6.38,6.93
21,46.77884199993136,-117.08764599999684,0,10,5.3,4.99,5.39
21,46.77884199993136,-117.08764599999684,10,20,5.89,5.58,5.35
21,46.77884199993136,-117.08764599999684,20,30,6.34,6.52,6.02
21,46.77884199993136,-117.08764599999684,30,49,6.32,6.14,6.54
21,46.77884199993136,-117.08764599999684,49,69,6.48,6.44,6.88
21,46.77884199993136,-117.08764599999684,69,114,7.71,7.53,7.61
21,46.77884199993136,-117.08764599999684,114,153,7.68,7.91,8.04
23,46.77900277872108,-117.08683096836633,0,10,5.42,0,4.94
23,46.77900277872108,-117.08683096836633,10,20,5.81,0,5.12
23,46.77900277872108,-117.08683096836633,20,30,6.44,0,5.85
23,46.77900277872108,-117.08683096836633,30,37,0,0,5.9
23,46.77900277872108,-117.08683096836633,37,59,6.35,0,6.44
23,46.77900277872108,-117.08683096836633,59,79,6.48,0,6.78
23,46.77900277872108,-117.08683096836633,79,122,6.58,0,7.02
23,46.77900277872108,-117.08683096836633,122,153,6.54,0,7.16
25,46.77904699993503,-117.08597400000059,0,10,5.5,5.01,4.82
25,46.77904699993503,-117.08597400000059,10,20,5.76,5.11,4.86
25,46.77904699993503,-117.08597400000059,20,30,6.34,6.02,5.78
25,46.77904699993503,-117.08597400000059,30,33,6.34,5.4,5.81
25,46.77904699993503,-117.08597400000059,33,58,6,6.1,6.35
25,46.77904699993503,-117.08597400000059,58,88,6.21,6.18,6.68
25,46.77904699993503,-117.08597400000059,88,106,6.27,6.49,6.78
25,46.77904699993503,-117.08597400000059,106,153,6.05,6.48,6.96
27,46.77906281906668,-117.08511703761206,0,10,5.5,5.24,4.47
27,46.77906281906668,-117.08511703761206,10,20,5.19,6.08,4.82
27,46.77906281906668,-117.08511703761206,20,30,5.78,4.9,5.43
27,46.77906281906668,-117.08511703761206,30,41,5.96,5.86,6.15
27,46.77906281906668,-117.08511703761206,41,62,6.25,6.14,6.57
27,46.77906281906668,-117.08511703761206,62,96,6.52,6.69,6.84
27,46.77906281906668,-117.08511703761206,96,128,6.83,7.51,7.09
27,46.77906281906668,-117.08511703761206,128,153,7.09,7.65,7.6
29,46.7790069999304,-117.08430200000468,0,10,5.5,4.58,4.74
29,46.7790069999304,-117.08430200000468,10,20,5.2,5.13,5.05
29,46.7790069999304,-117.08430200000468,20,30,5.76,5.95,5.93
29,46.7790069999304,-117.08430200000468,30,50,6.45,6.15,6.33
29,46.7790069999304,-117.08430200000468,50,68,6.59,6.69,6.68
29,46.7790069999304,-117.08430200000468,68,92,6.59,7.35,7.01
29,46.7790069999304,-117.08430200000468,92,132,NA,NA,7.5
29,46.7790069999304,-117.08430200000468,92,137,7.49,7.53,NA
29,46.7790069999304,-117.08430200000468,132,153,NA,NA,7.73
29,46.7790069999304,-117.08430200000468,137,153,7.6,7.45,NA
31,46.77902299993373,-117.08346599999622,0,10,5.31,4.78,4.79
31,46.77902299993373,-117.08346599999622,10,20,5.49,5.37,5.11
31,46.77902299993373,-117.08346599999622,20,30,6.2,5.99,5.99
31,46.77902299993373,-117.08346599999622,30,40,6.42,5.7,5.91
31,46.77902299993373,-117.08346599999622,40,57,6.66,6.42,7.5
31,46.77902299993373,-117.08346599999622,57,88,6.97,6.53,7.56
31,46.77902299993373,-117.08346599999622,88,127,7.02,6.73,7.47
31,46.77902299993373,-117.08346599999622,127,153,7.05,6.72,7.62
33,46.7790129999361,-117.08263000000014,0,10,5.22,6.27,5.99
33,46.7790129999361,-117.08263000000014,10,20,6.29,5.41,6.32
33,46.7790129999361,-117.08263000000014,20,30,7.28,7.19,6.84
33,46.7790129999361,-117.08263000000014,30,41,NA,NA,6.75
33,46.7790129999361,-117.08263000000014,30,59,7.5,7.12,NA
33,46.7790129999361,-117.08263000000014,41,76,NA,NA,7.68
33,46.7790129999361,-117.08263000000014,59,96,7.82,7.6,NA
33,46.7790129999361,-117.08263000000014,76,135,NA,NA,7.99
33,46.7790129999361,-117.08263000000014,96,135,7.1,7.46,NA
33,46.7790129999361,-117.08263000000014,135,153,7.42,7.47,7.72
35,46.778851999935846,-117.08179400000537,0,10,5.56,4.82,4.83
35,46.778851999935846,-117.08179400000537,10,20,5.63,5.47,5.27
35,46.778851999935846,-117.08179400000537,20,30,6.31,6.04,5.96
35,46.778851999935846,-117.08179400000537,30,45,6.36,6.2,6.38
35,46.778851999935846,-117.08179400000537,45,70,6.45,6.35,6.72
35,46.778851999935846,-117.08179400000537,70,87,6.57,6.48,7.09
35,46.778851999935846,-117.08179400000537,87,121,6.46,6.31,7.06
35,46.778851999935846,-117.08179400000537,121,153,6.61,6.52,7.07
37,46.7789929999345,-117.08095799999668,0,10,5.83,5.46,5.52
37,46.7789929999345,-117.08095799999668,10,20,6.1,5.94,5.94
37,46.7789929999345,-117.08095799999668,20,30,6.49,6.57,6.77
37,46.7789929999345,-117.08095799999668,30,42,6.65,6.77,NA
37,46.7789929999345,-117.08095799999668,30,55,NA,NA,6.83
37,46.7789929999345,-117.08095799999668,42,69,6.8,7.59,NA
37,46.7789929999345,-117.08095799999668,55,68,NA,NA,7.05
37,46.7789929999345,-117.08095799999668,68,97,NA,NA,7.55
37,46.7789929999345,-117.08095799999668,69,98,7.73,7.64,NA
37,46.7789929999345,-117.08095799999668,97,139,NA,NA,7.98
37,46.7789929999345,-117.08095799999668,98,140,7.66,7.57,NA
37,46.7789929999345,-117.08095799999668,139,153,NA,NA,7.94
37,46.7789929999345,-117.08095799999668,140,153,7.62,7.44,NA
39,46.77911199993587,-117.08012199999722,0,10,5.75,5.99,5.36
39,46.77911199993587,-117.08012199999722,10,20,5.93,7.32,6.24
39,46.77911199993587,-117.08012199999722,20,30,7.55,6.43,7.02
39,46.77911199993587,-117.08012199999722,30,35,NA,NA,6.74
39,46.77911199993587,-117.08012199999722,30,38,7.52,6.67,NA
39,46.77911199993587,-117.08012199999722,35,54,NA,NA,7.46
39,46.77911199993587,-117.08012199999722,38,54,7.73,7.25,NA
39,46.77911199993587,-117.08012199999722,54,78,7.75,7.43,7.81
39,46.77911199993587,-117.08012199999722,78,123,7.09,7.56,8.06
39,46.77911199993587,-117.08012199999722,123,153,7.02,7.34,7.9
41,46.77904699992864,-117.0792860000058,0,10,5.32,4.58,4.75
41,46.77904699992864,-117.0792860000058,10,20,5.44,5.1,5.15
41,46.77904699992864,-117.0792860000058,20,30,6.24,6.33,6.17
41,46.77904699992864,-117.0792860000058,30,66,6.48,6.26,6.61
41,46.77904699992864,-117.0792860000058,66,105,6.55,6.6,6.99
41,46.77904699992864,-117.0792860000058,105,153,6.33,6.49,6.99
43,46.77915299992836,-117.08831800000448,0,10,5.03,4.55,4.55
43,46.77915299992836,-117.08831800000448,10,20,5.15,5.03,4.54
43,46.77915299992836,-117.08831800000448,20,30,5.15,5.55,5.11
43,46.77915299992836,-117.08831800000448,30,36,4.94,5.2,5.48
43,46.77915299992836,-117.08831800000448,36,68,5.05,5.46,5.97
43,46.77915299992836,-117.08831800000448,68,89,5.22,5.66,6.19
43,46.77915299992836,-117.08831800000448,89,119,5.44,5.88,6.38
43,46.77915299992836,-117.08831800000448,119,153,5.94,6.36,7.32
45,46.779288328247844,-117.08746351328648,0,10,5.37,4.97,4.85
45,46.779288328247844,-117.08746351328648,10,20,6.1,5.79,5.51
45,46.779288328247844,-117.08746351328648,20,30,6.83,7.04,6.94
45,46.779288328247844,-117.08746351328648,30,44,6.36,6.51,6.39
45,46.779288328247844,-117.08746351328648,44,69,6.59,7.76,7.55
45,46.779288328247844,-117.08746351328648,69,105,6.89,7.86,7.96
45,46.779288328247844,-117.08746351328648,105,131,7.01,7.69,8.03
45,46.779288328247844,-117.08746351328648,131,153,6.83,7.41,8.04
47,46.779362999934584,-117.08664599999607,0,10,5.13,4.96,4.85
47,46.779362999934584,-117.08664599999607,10,20,5.28,5.25,4.77
47,46.779362999934584,-117.08664599999607,20,30,6.29,6.41,5.5
47,46.779362999934584,-117.08664599999607,30,53,6.19,0,6.25
47,46.779362999934584,-117.08664599999607,53,90,6.54,0,6.86
47,46.779362999934584,-117.08664599999607,90,124,7.02,0,7.11
47,46.779362999934584,-117.08664599999607,124,153,7.07,0,7.49
49,46.77923799992989,-117.08581000000254,0,10,5.31,5.11,4.84
49,46.77923799992989,-117.08581000000254,10,20,5.11,5.49,5.12
49,46.77923799992989,-117.08581000000254,20,30,6.1,6.24,5.77
49,46.77923799992989,-117.08581000000254,30,45,6.09,6.12,6.26
49,46.77923799992989,-117.08581000000254,45,71,6.36,6.34,6.63
49,46.77923799992989,-117.08581000000254,71,88,6.66,6.52,6.92
49,46.77923799992989,-117.08581000000254,88,104,6.65,6.52,NA
49,46.77923799992989,-117.08581000000254,88,108,NA,NA,7.16
49,46.77923799992989,-117.08581000000254,104,136,6.83,6.73,NA
49,46.77923799992989,-117.08581000000254,108,136,NA,NA,7.09
49,46.77923799992989,-117.08581000000254,136,153,6.62,6.74,7.27
51,46.77919681125739,-117.08496351312738,0,10,5.27,5.16,4.57
51,46.77919681125739,-117.08496351312738,10,20,5.81,5.52,5.07
51,46.77919681125739,-117.08496351312738,20,30,6.7,6.66,6.01
51,46.77919681125739,-117.08496351312738,30,46,6.34,5.64,6.05
51,46.77919681125739,-117.08496351312738,46,71,6.53,6.22,6.56
51,46.77919681125739,-117.08496351312738,71,93,6.64,6.43,6.86
51,46.77919681125739,-117.08496351312738,93,131,7.01,6.65,7.11
51,46.77919681125739,-117.08496351312738,131,153,6.76,6.89,7.29
53,46.779245999934034,-117.08413800000389,0,10,5.37,5.13,4.88
53,46.779245999934034,-117.08413800000389,10,20,5.41,5.3,5.02
53,46.779245999934034,-117.08413800000389,20,30,6.57,6.5,6.18
53,46.779245999934034,-117.08413800000389,30,39,6.12,5.63,6.12
53,46.779245999934034,-117.08413800000389,39,70,6.32,6.32,6.53
53,46.779245999934034,-117.08413800000389,70,84,6.46,6.62,NA
53,46.779245999934034,-117.08413800000389,70,90,NA,NA,6.84
53,46.779245999934034,-117.08413800000389,84,122,6.31,6.96,NA
53,46.779245999934034,-117.08413800000389,90,122,NA,NA,7.15
53,46.779245999934034,-117.08413800000389,122,153,6.04,6.91,7.3
55,46.77922999993481,-117.08330200000205,0,10,5.26,5.22,4.51
55,46.77922999993481,-117.08330200000205,10,20,5.1,5.58,5
55,46.77922999993481,-117.08330200000205,20,30,6.36,6.41,6.09
55,46.77922999993481,-117.08330200000205,30,46,6.45,5.95,6.24
55,46.77922999993481,-117.08330200000205,46,83,6.71,6.51,6.71
55,46.77922999993481,-117.08330200000205,83,122,6.94,6.83,6.93
55,46.77922999993481,-117.08330200000205,122,153,7.08,7.61,7.29
57,46.779335999935,-117.08246600000089,0,10,5.2,4.98,4.79
57,46.779335999935,-117.08246600000089,10,20,5.3,5.38,5.21
57,46.779335999935,-117.08246600000089,20,30,6.1,6.56,6.26
57,46.779335999935,-117.08246600000089,30,49,6.25,6.35,6.45
57,46.779335999935,-117.08246600000089,49,83,6.63,6.65,6.81
57,46.779335999935,-117.08246600000089,83,114,6.74,7.16,6.31
57,46.779335999935,-117.08246600000089,114,153,7.45,7.81,7.17
59,46.77925244174433,-117.08160014682795,0,10,5.47,4.9,4.72
59,46.77925244174433,-117.08160014682795,10,20,5.59,5.52,5.15
59,46.77925244174433,-117.08160014682795,20,30,6.34,6.43,5.76
59,46.77925244174433,-117.08160014682795,30,38,6.22,5.33,5.96
59,46.77925244174433,-117.08160014682795,38,66,6.48,6.05,6.69
59,46.77925244174433,-117.08160014682795,66,107,6.68,6.36,6.9
59,46.77925244174433,-117.08160014682795,107,133,6.78,6.52,7.18
59,46.77925244174433,-117.08160014682795,133,153,6.81,6.55,7.37
61,46.77913499993167,-117.08079400000366,0,10,6.33,6.4,4.54
61,46.77913499993167,-117.08079400000366,10,20,6.49,6.57,6.38
61,46.77913499993167,-117.08079400000366,20,30,6.55,6.93,6.96
61,46.77913499993167,-117.08079400000366,30,32,6.55,5.85,6.68
61,46.77913499993167,-117.08079400000366,32,51.5,6.36,6.06,6.9
61,46.77913499993167,-117.08079400000366,51.5,67,6.44,6.14,6.94
61,46.77913499993167,-117.08079400000366,67,83,6.5,6.2,NA
61,46.77913499993167,-117.08079400000366,67,86,NA,NA,7.1
61,46.77913499993167,-117.08079400000366,83,100,6.48,6.26,NA
61,46.77913499993167,-117.08079400000366,86,100,NA,NA,6.81
61,46.77913499993167,-117.08079400000366,100,128,6.65,6.37,7.12
61,46.77913499993167,-117.08079400000366,128,153,6.09,6.43,7.22
63,46.77936899993603,-117.07995799999601,0,10,5.37,5.2,4.86
63,46.77936899993603,-117.07995799999601,10,20,5.43,5.32,4.93
63,46.77936899993603,-117.07995799999601,20,30,5.84,6.22,5.81
63,46.77936899993603,-117.07995799999601,30,41,6.24,5.43,5.86
63,46.77936899993603,-117.07995799999601,41,67,6.42,6.35,6.56
63,46.77936899993603,-117.07995799999601,67,85,NA,NA,6.98
63,46.77936899993603,-117.07995799999601,67,92,6.58,6.67,NA
63,46.77936899993603,-117.07995799999601,85,114,NA,NA,7.15
63,46.77936899993603,-117.07995799999601,92,114,6.53,6.65,NA
63,46.77936899993603,-117.07995799999601,114,153,6.37,6.52,7.08
65,46.779253999931335,-117.07912199999382,0,10,5.25,5.14,4.9
65,46.779253999931335,-117.07912199999382,10,20,5.96,5.69,5.31
65,46.779253999931335,-117.07912199999382,20,30,6.45,6.52,5.88
65,46.779253999931335,-117.07912199999382,30,33,0,5.92,6.25
65,46.779253999931335,-117.07912199999382,33,57,6.02,6.12,6.28
65,46.779253999931335,-117.07912199999382,57,94,6.13,6.2,6.69
65,46.779253999931335,-117.07912199999382,94,128,6.11,6.16,6.82
65,46.779253999931335,-117.07912199999382,128,153,6.09,6.01,6.64
67,46.779270999928244,-117.07828600000069,0,10,5.34,5.02,4.86
67,46.779270999928244,-117.07828600000069,10,20,5.35,5.4,5.07
67,46.779270999928244,-117.07828600000069,20,30,6.23,6.21,5.88
67,46.779270999928244,-117.07828600000069,30,32,0,5.13,6.44
67,46.779270999928244,-117.07828600000069,32,59,5.9,5.71,6.22
67,46.779270999928244,-117.07828600000069,59,83,6.2,6.18,NA
67,46.779270999928244,-117.07828600000069,59,85,NA,NA,6.78
67,46.779270999928244,-117.07828600000069,83,104,6.26,6.35,NA
67,46.779270999928244,-117.07828600000069,85,106,NA,NA,6.87
67,46.779270999928244,-117.07828600000069,104,126,6.13,6.29,NA
67,46.779270999928244,-117.07828600000069,106,126,NA,NA,7
67,46.779270999928244,-117.07828600000069,126,153,6.25,6.16,7.1
69,46.77941399993425,-117.08781300000162,0,10,5.44,4.94,4.72
69,46.77941399993425,-117.08781300000162,10,20,5.57,5.3,5.14
69,46.77941399993425,-117.08781300000162,20,30,5.63,5.78,5.58
69,46.77941399993425,-117.08781300000162,30,48,5.19,5.34,5.9
69,46.77941399993425,-117.08781300000162,48,76,5.36,5.41,6.14
69,46.77941399993425,-117.08781300000162,76,91,5.5,5.5,NA
69,46.77941399993425,-117.08781300000162,76,98,NA,NA,6.23
69,46.77941399993425,-117.08781300000162,91,133,5.59,5.46,NA
69,46.77941399993425,-117.08781300000162,98,133,NA,NA,6.87
69,46.77941399993425,-117.08781300000162,133,153,5.79,5.66,7.1
71,46.77956399992798,-117.08697699999722,0,10,5.29,4.9,4.66
71,46.77956399992798,-117.08697699999722,10,20,5.17,5.67,4.72
71,46.77956399992798,-117.08697699999722,20,30,5.34,6.6,5.59
71,46.77956399992798,-117.08697699999722,30,73,6.46,6.5,6.62
71,46.77956399992798,-117.08697699999722,73,94,6.95,7.61,7.45
71,46.77956399992798,-117.08697699999722,94,127,7.58,7.65,7.83
71,46.77956399992798,-117.08697699999722,127,153,7.87,7.78,7.92
73,46.77963696740592,-117.08617245559854,0,10,5.44,4.83,4.67
73,46.77963696740592,-117.08617245559854,10,20,5.34,5.39,4.63
73,46.77963696740592,-117.08617245559854,20,30,6.08,6.51,5.84
73,46.77963696740592,-117.08617245559854,30,52,6.4,0,6.28
73,46.77963696740592,-117.08617245559854,52,85,6.72,0,6.64
73,46.77963696740592,-117.08617245559854,85,116,7.05,0,6.8
73,46.77963696740592,-117.08617245559854,116,135,6.47,0,7.05
73,46.77963696740592,-117.08617245559854,135,153,7.18,0,7.3
75,46.77964199992856,-117.0853049999993,0,10,5.16,4.98,4.77
75,46.77964199992856,-117.0853049999993,10,20,5.24,5.41,4.98
75,46.77964199992856,-117.0853049999993,20,30,6.19,6.25,5.91
75,46.77964199992856,-117.0853049999993,30,31,6.19,5.56,5.86
75,46.77964199992856,-117.0853049999993,31,54,6.41,6.22,6.4
75,46.77964199992856,-117.0853049999993,54,72,6.44,6.44,6.68
75,46.77964199992856,-117.0853049999993,72,95,6.68,6.49,6.99
75,46.77964199992856,-117.0853049999993,95,133,7.01,6.64,7.23
75,46.77964199992856,-117.0853049999993,133,153,6.92,6.76,7.24
77,46.77957899993358,-117.08446900000581,0,10,5.36,5.23,4.24
77,46.77957899993358,-117.08446900000581,10,20,5.97,5.27,5.07
77,46.77957899993358,-117.08446900000581,20,30,6.63,6.48,5.89
77,46.77957899993358,-117.08446900000581,30,35,0,5.56,6.16
77,46.77957899993358,-117.08446900000581,35,62,6.5,6.36,NA
77,46.77957899993358,-117.08446900000581,35,67,NA,NA,6.91
77,46.77957899993358,-117.08446900000581,62,96,6.75,6.65,NA
77,46.77957899993358,-117.08446900000581,67,103,NA,NA,7.16
77,46.77957899993358,-117.08446900000581,96,123,6.86,6.87,NA
77,46.77957899993358,-117.08446900000581,103,123,NA,NA,7.44
77,46.77957899993358,-117.08446900000581,123,153,6.91,6.96,7.49
79,46.77959499993054,-117.08363299999654,0,10,5.35,5.13,4.5
79,46.77959499993054,-117.08363299999654,10,20,5.69,5.34,4.89
79,46.77959499993054,-117.08363299999654,20,30,6.42,6.35,5.95
79,46.77959499993054,-117.08363299999654,30,35,0,5.11,5.7
79,46.77959499993054,-117.08363299999654,35,52,6.25,6.17,6.47
79,46.77959499993054,-117.08363299999654,52,74,6.21,6.19,NA
79,46.77959499993054,-117.08363299999654,52,79,NA,NA,6.93
79,46.77959499993054,-117.08363299999654,74,88,6.2,6.38,NA
79,46.77959499993054,-117.08363299999654,79,88,NA,NA,6.84
79,46.77959499993054,-117.08363299999654,88,118,6.14,6.62,6.76
79,46.77959499993054,-117.08363299999654,118,153,6.22,6.42,6.79
81,46.77958499992913,-117.08279699999751,0,10,5.27,4.89,4.62
81,46.77958499992913,-117.08279699999751,10,20,5.17,5.95,5.16
81,46.77958499992913,-117.08279699999751,20,30,6.03,6.8,6.07
81,46.77958499992913,-117.08279699999751,30,34,0,5.15,5.81
81,46.77958499992913,-117.08279699999751,34,71,6.45,6.12,6.45
81,46.77958499992913,-117.08279699999751,71,99,6.58,6.49,6.87
81,46.77958499992913,-117.08279699999751,99,124,6.62,6.65,7.16
81,46.77958499992913,-117.08279699999751,124,153,6.63,6.64,7.29
83,46.779423999931225,-117.08196100000235,0,10,5.33,4.57,4.72
83,46.779423999931225,-117.08196100000235,10,20,5.41,5.28,4.95
83,46.779423999931225,-117.08196100000235,20,30,6.06,6.05,5.78
83,46.779423999931225,-117.08196100000235,30,40,5.88,5.1,6.18
83,46.779423999931225,-117.08196100000235,40,60,6.06,6.06,6.4
83,46.779423999931225,-117.08196100000235,60,90.5,6.34,6.24,6.97
83,46.779423999931225,-117.08196100000235,90.5,115.5,6.49,6.47,NA
83,46.779423999931225,-117.08196100000235,90.5,116,NA,NA,7.12
83,46.779423999931225,-117.08196100000235,115.5,153,6.57,6.57,NA
83,46.779423999931225,-117.08196100000235,116,153,NA,NA,7.24
85,46.779564999929015,-117.08112500000126,0,10,5.5,5.35,4.63
85,46.779564999929015,-117.08112500000126,10,20,5.3,5.53,5.01
85,46.779564999929015,-117.08112500000126,20,30,6.32,6.24,5.7
85,46.779564999929015,-117.08112500000126,30,31,6.32,5.19,5.63
85,46.779564999929015,-117.08112500000126,31,62,6.11,5.98,6.44
85,46.779564999929015,-117.08112500000126,62,90,6.2,6.48,6.92
85,46.779564999929015,-117.08112500000126,90,112,6.18,6.61,6.94
85,46.779564999929015,-117.08112500000126,112,153,6.17,6.63,7.12
87,46.77968399993171,-117.08028899999346,0,10,5.25,5.15,4.29
87,46.77968399993171,-117.08028899999346,10,20,5.53,5.37,5.05
87,46.77968399993171,-117.08028899999346,20,30,6.46,6.49,5.97
87,46.77968399993171,-117.08028899999346,30,46,5.74,5.37,6.11
87,46.77968399993171,-117.08028899999346,46,74,6.18,6.26,6.6
87,46.77968399993171,-117.08028899999346,74,102,6.34,6.53,6.86
87,46.77968399993171,-117.08028899999346,102,125,6.26,6.62,6.94
87,46.77968399993171,-117.08028899999346,125,153,6.23,6.65,7.01
89,46.779606714350294,-117.07944701867667,0,10,5.15,4.92,4.76
89,46.779606714350294,-117.07944701867667,10,20,5.46,5.21,4.98
89,46.779606714350294,-117.07944701867667,20,30,6.41,6.1,5.98
89,46.779606714350294,-117.07944701867667,30,32,6.41,5.57,5.92
89,46.779606714350294,-117.07944701867667,32,48,6.1,6.2,6.41
89,46.779606714350294,-117.07944701867667,48,70,6.3,6.48,6.72
89,46.779606714350294,-117.07944701867667,70,101,NA,NA,6.99
89,46.779606714350294,-117.07944701867667,70,112,6.55,6.84,NA
89,46.779606714350294,-117.07944701867667,101,153,NA,NA,7.23
89,46.779606714350294,-117.07944701867667,112,153,5.89,6.9,NA
91,46.7795519999343,-117.07861699999665,0,10,5.26,5.21,4.82
91,46.7795519999343,-117.07861699999665,10,20,5.38,5.43,5.2
91,46.7795519999343,-117.07861699999665,20,30,6.37,6.24,5.96
91,46.7795519999343,-117.07861699999665,30,37,0,6.16,6.08
91,46.7795519999343,-117.07861699999665,37,55,6.42,6.61,6.65
91,46.7795519999343,-117.07861699999665,55,86,6.68,6.72,6.88
91,46.7795519999343,-117.07861699999665,86,125,6.65,6.56,7.07
91,46.7795519999343,-117.07861699999665,125,153,6.54,6.41,6.92
93,46.77949399993123,-117.07778100000496,0,10,5.37,4.69,4.39
93,46.77949399993123,-117.07778100000496,10,20,5.27,5.67,5.04
93,46.77949399993123,-117.07778100000496,20,30,6.13,6.1,5.93
93,46.77949399993123,-117.07778100000496,30,34,0,5.46,6.44
93,46.77949399993123,-117.07778100000496,34,54,6.05,5.93,6.32
93,46.77949399993123,-117.07778100000496,54,80,NA,NA,6.53
93,46.77949399993123,-117.07778100000496,54,84,6.31,6.12,NA
93,46.77949399993123,-117.07778100000496,80,121,NA,NA,7.02
93,46.77949399993123,-117.07778100000496,84,121,6.43,6.37,NA
93,46.77949399993123,-117.07778100000496,121,153,6.3,6.24,7.02
95,46.779716820011146,-117.08807304254275,0,10,5.16,5.07,5.13
95,46.779716820011146,-117.08807304254275,10,20,5.26,0,4.64
95,46.779716820011146,-117.08807304254275,20,30,5.46,0,5.09
95,46.779716820011146,-117.08807304254275,30,31,7.29,4.82,NA
95,46.779716820011146,-117.08807304254275,30,36,NA,NA,5.39
95,46.779716820011146,-117.08807304254275,31,65,6.09,5.68,NA
95,46.779716820011146,-117.08807304254275,36,65,NA,NA,6.09
95,46.779716820011146,-117.08807304254275,65,77,6.77,6.42,6.66
95,46.779716820011146,-117.08807304254275,77,94,7.2,6.97,6.91
95,46.779716820011146,-117.08807304254275,94,121,0,7.12,7.12
95,46.779716820011146,-117.08807304254275,121,141,7.03,6.76,7.37
95,46.779716820011146,-117.08807304254275,141,153,6.66,6.65,7.78
97,46.77987299993621,-117.08724500000507,0,10,5.23,4.76,4.42
97,46.77987299993621,-117.08724500000507,10,20,5.74,5.33,4.8
97,46.77987299993621,-117.08724500000507,20,30,5.25,5.86,5.3
97,46.77987299993621,-117.08724500000507,30,37,5.26,5,5.6
97,46.77987299993621,-117.08724500000507,37,52,5.28,5.47,6.18
97,46.77987299993621,-117.08724500000507,52,75,5.62,5.8,6.48
97,46.77987299993621,-117.08724500000507,75,104.5,5.64,5.74,NA
97,46.77987299993621,-117.08724500000507,75,105,NA,NA,6.62
97,46.77987299993621,-117.08724500000507,104.5,135,5.72,5.68,NA
97,46.77987299993621,-117.08724500000507,105,135,NA,NA,6.63
97,46.77987299993621,-117.08724500000507,135,153,5.63,5.64,6.66
99,46.77993499993081,-117.08640899999394,0,10,5.23,4.78,4.58
99,46.77993499993081,-117.08640899999394,10,20,5.31,5.38,4.76
99,46.77993499993081,-117.08640899999394,20,30,6.45,6.51,5.79
99,46.77993499993081,-117.08640899999394,30,33,6.45,5.43,6.16
99,46.77993499993081,-117.08640899999394,33,53,6.14,6.11,6.51
99,46.77993499993081,-117.08640899999394,53,78,6.5,6.4,6.79
99,46.77993499993081,-117.08640899999394,78,106,6.79,6.66,6.98
99,46.77993499993081,-117.08640899999394,106,125,7.09,6.89,7.15
99,46.77993499993081,-117.08640899999394,125,141,7.14,7.29,7.27
99,46.77993499993081,-117.08640899999394,141,153,6.94,7.45,7.52
101,46.77980999993464,-117.08557299999923,0,10,5.34,4.91,4.78
101,46.77980999993464,-117.08557299999923,10,20,5.42,5.29,5.06
101,46.77980999993464,-117.08557299999923,20,30,6.16,6.43,6
101,46.77980999993464,-117.08557299999923,30,43,6.66,5.75,5.79
101,46.77980999993464,-117.08557299999923,43,71,6.73,6.37,6.4
101,46.77980999993464,-117.08557299999923,71,103,6.84,6.57,7.01
101,46.77980999993464,-117.08557299999923,103,132,6.96,6.72,7.19
101,46.77980999993464,-117.08557299999923,132,153,6.89,6.62,7.16
103,46.779775999927644,-117.08473700000131,0,10,5.32,5.21,4.45
103,46.779775999927644,-117.08473700000131,10,20,4.99,5.53,4.96
103,46.779775999927644,-117.08473700000131,20,30,5.43,6.21,5.72
103,46.779775999927644,-117.08473700000131,30,57,NA,NA,6.95
103,46.779775999927644,-117.08473700000131,30,59,6.3,5.18,NA
103,46.779775999927644,-117.08473700000131,57,77,NA,NA,6.6
103,46.779775999927644,-117.08473700000131,59,74,6.7,6.62,NA
103,46.779775999927644,-117.08473700000131,74,84,6.77,6.78,NA
103,46.779775999927644,-117.08473700000131,77,96,NA,NA,7.01
103,46.779775999927644,-117.08473700000131,84,128,6.65,6.78,NA
103,46.779775999927644,-117.08473700000131,96,128,NA,NA,7.16
103,46.779775999927644,-117.08473700000131,128,153,6.26,6.58,7.06
105,46.77981799992982,-117.08390099999662,0,10,5.41,5.23,4.55
105,46.77981799992982,-117.08390099999662,10,20,5.62,5.64,5.18
105,46.77981799992982,-117.08390099999662,20,30,6.01,6.31,5.87
105,46.77981799992982,-117.08390099999662,30,43,5.71,5.74,6.11
105,46.77981799992982,-117.08390099999662,43,59,5.77,5.82,6.38
105,46.77981799992982,-117.08390099999662,59,75,5.85,6.01,6.85
105,46.77981799992982,-117.08390099999662,75,90,5.91,6.01,NA
105,46.77981799992982,-117.08390099999662,75,97,NA,NA,6.77
105,46.77981799992982,-117.08390099999662,90,133,5.41,6.1,NA
105,46.77981799992982,-117.08390099999662,97,133,NA,NA,6.66
105,46.77981799992982,-117.08390099999662,133,153,5.59,6.15,6.66
107,46.77980199992818,-117.08306500000162,0,10,5.75,5.68,5.41
107,46.77980199992818,-117.08306500000162,10,20,5.56,6.23,5.52
107,46.77980199992818,-117.08306500000162,20,30,6.28,6.72,6.11
107,46.77980199992818,-117.08306500000162,30,40,NA,NA,6.35
107,46.77980199992818,-117.08306500000162,30,51.5,5.87,5.81,NA
107,46.77980199992818,-117.08306500000162,40,51,NA,NA,6.59
107,46.77980199992818,-117.08306500000162,51,65,NA,NA,6.91
107,46.77980199992818,-117.08306500000162,51.5,65,5.94,6.04,NA
107,46.77980199992818,-117.08306500000162,65,75,5.99,6.27,NA
107,46.77980199992818,-117.08306500000162,65,109,NA,NA,7.47
107,46.77980199992818,-117.08306500000162,75,108.5,6.2,6.31,NA
107,46.77980199992818,-117.08306500000162,108.5,135,6.3,6.69,NA
107,46.77980199992818,-117.08306500000162,109,135,NA,NA,7.53
107,46.77980199992818,-117.08306500000162,135,153,6.35,6.85,7.57
109,46.779879765064265,-117.08219347622591,0,10,5.56,5.37,4.79
109,46.779879765064265,-117.08219347622591,10,20,5.67,5.76,5.5
109,46.779879765064265,-117.08219347622591,20,30,6.19,6.44,6.03
109,46.779879765064265,-117.08219347622591,30,52,NA,NA,6.49
109,46.779879765064265,-117.08219347622591,30,68,6.09,6.15,NA
109,46.779879765064265,-117.08219347622591,52,100,NA,NA,6.92
109,46.779879765064265,-117.08219347622591,68,100,6.37,6.5,NA
109,46.779879765064265,-117.08219347622591,100,119,6.46,6.69,7.06
109,46.779879765064265,-117.08219347622591,119,145,5.95,6.77,7.24
109,46.779879765064265,-117.08219347622591,145,153,6.66,6.76,7.33
111,46.77984899993028,-117.08139300000438,0,10,4.97,4.88,4.87
111,46.77984899993028,-117.08139300000438,10,20,5.09,5.07,5.16
111,46.77984899993028,-117.08139300000438,20,30,6.09,6.06,6.05
111,46.77984899993028,-117.08139300000438,30,42,6.17,6.03,6.3
111,46.77984899993028,-117.08139300000438,42,60,6.32,6.36,6.72
111,46.77984899993028,-117.08139300000438,60,80,6.36,6.5,6.95
111,46.77984899993028,-117.08139300000438,80,113,6.24,6.47,7.12
111,46.77984899993028,-117.08139300000438,113,132,5.92,6.43,7.16
111,46.77984899993028,-117.08139300000438,132,153,6.08,6.49,7.26
113,46.779690626223164,-117.08053908579596,0,10,NA,5.17,NA
113,46.779690626223164,-117.08053908579596,10,20,NA,5.6,NA
113,46.779690626223164,-117.08053908579596,20,30,NA,6.47,NA
113,46.779690626223164,-117.08053908579596,30,45,NA,5.86,NA
113,46.779690626223164,-117.08053908579596,45,66,NA,6.02,NA
113,46.779690626223164,-117.08053908579596,66,88,NA,6.31,NA
113,46.779690626223164,-117.08053908579596,88,124,NA,6.47,NA
113,46.779690626223164,-117.08053908579596,124,153,NA,6.67,NA
115,46.77992462609662,-117.07970308597766,0,10,5.33,4.97,4.73
115,46.77992462609662,-117.07970308597766,10,20,5.17,5.41,5.08
115,46.77992462609662,-117.07970308597766,20,30,6.28,6.31,6.07
115,46.77992462609662,-117.07970308597766,30,43,6.1,6.07,6.25
115,46.77992462609662,-117.07970308597766,43,60,6.28,6.31,6.64
115,46.77992462609662,-117.07970308597766,60,87,6.58,6.41,6.9
115,46.77992462609662,-117.07970308597766,87,130,6.18,6.45,7.08
115,46.77992462609662,-117.07970308597766,130,153,6.27,6.34,6.99
117,46.779825999929066,-117.0788850000052,0,10,5.16,5.35,4.8
117,46.779825999929066,-117.0788850000052,10,20,5.32,5.49,5.15
117,46.779825999929066,-117.0788850000052,20,30,6.07,6.26,5.94
117,46.779825999929066,-117.0788850000052,30,35,5.86,5.99,6.11
117,46.779825999929066,-117.0788850000052,35,61.5,6,6.29,6.53
117,46.779825999929066,-117.0788850000052,61.5,86,6.07,6.56,6.7
117,46.779825999929066,-117.0788850000052,86,118,6.06,6.69,6.98
117,46.779825999929066,-117.0788850000052,118,153,6.4,6.63,6.97
119,46.779826633959054,-117.07801915998617,0,10,5.47,5.15,4.78
119,46.779826633959054,-117.07801915998617,10,20,5.43,5.24,4.99
119,46.779826633959054,-117.07801915998617,20,30,6.14,6.15,5.58
119,46.779826633959054,-117.07801915998617,30,47,0,5.89,6.11
119,46.779826633959054,-117.07801915998617,47,63,6.13,6.33,6.55
119,46.779826633959054,-117.07801915998617,63,84,6.28,6.47,NA
119,46.779826633959054,-117.07801915998617,63,87,NA,NA,6.83
119,46.779826633959054,-117.07801915998617,84,102,6.28,6.53,NA
119,46.779826633959054,-117.07801915998617,87,102,NA,NA,6.71
119,46.779826633959054,-117.07801915998617,102,120,6.32,6.55,6.95
119,46.779826633959054,-117.07801915998617,120,153,5.32,6.53,6.72
121,46.779943999930865,-117.07721300000095,0,10,5.32,4.86,4.64
121,46.779943999930865,-117.07721300000095,10,20,5.16,5.52,5.04
121,46.779943999930865,-117.07721300000095,20,30,5.91,6.53,5.58
121,46.779943999930865,-117.07721300000095,30,47,5.79,0,7.39
121,46.779943999930865,-117.07721300000095,47,61,NA,NA,7.21
121,46.779943999930865,-117.07721300000095,47,63,6.04,0,NA
121,46.779943999930865,-117.07721300000095,61,82,NA,NA,7.28
121,46.779943999930865,-117.07721300000095,63,84,6.25,0,NA
121,46.779943999930865,-117.07721300000095,82,102,NA,NA,7.6
121,46.779943999930865,-117.07721300000095,84,102,6.23,0,NA
121,46.779943999930865,-117.07721300000095,102,120,6.24,0,6.9
121,46.779943999930865,-117.07721300000095,120,153,6.23,0,7.04
123,46.78015899993115,-117.08728099999418,0,10,4.98,4.46,4.63
123,46.78015899993115,-117.08728099999418,10,20,5.01,5.03,4.67
123,46.78015899993115,-117.08728099999418,20,30,5.55,5.54,5.1
123,46.78015899993115,-117.08728099999418,30,41,5.23,4.99,5.72
123,46.78015899993115,-117.08728099999418,41,72,5.35,5.52,6.17
123,46.78015899993115,-117.08728099999418,72,97,5.56,5.3,6.37
123,46.78015899993115,-117.08728099999418,97,122,5.66,5.43,6.48
123,46.78015899993115,-117.08728099999418,122,153,5.38,5.52,6.7
125,46.78022099993324,-117.08644499999963,0,10,5.65,5.16,4.53
125,46.78022099993324,-117.08644499999963,10,20,5.78,5.58,4.77
125,46.78022099993324,-117.08644499999963,20,30,6.25,6.02,5.56
125,46.78022099993324,-117.08644499999963,30,45,5.85,5.51,6.05
125,46.78022099993324,-117.08644499999963,45,64,6.03,5.81,6.35
125,46.78022099993324,-117.08644499999963,64,85,6.23,6.07,NA
125,46.78022099993324,-117.08644499999963,64,89,NA,NA,6.59
125,46.78022099993324,-117.08644499999963,85,112,6.26,6.31,NA
125,46.78022099993324,-117.08644499999963,89,112,NA,NA,6.86
125,46.78022099993324,-117.08644499999963,112,153,5.93,6.07,6.97
127,46.780088815237555,-117.08559327501136,0,10,5.2,4.64,5.24
127,46.780088815237555,-117.08559327501136,10,20,5.14,4.87,4.81
127,46.780088815237555,-117.08559327501136,20,30,5.44,5.97,5.09
127,46.780088815237555,-117.08559327501136,30,49.5,5.97,5.93,6.24
127,46.780088815237555,-117.08559327501136,49.5,94,6.32,6.45,6.76
127,46.780088815237555,-117.08559327501136,94,107,6.2,6.64,7.02
127,46.780088815237555,-117.08559327501136,107,153,6.62,6.79,7.26
129,46.78006199993227,-117.08477299999345,0,10,5.5,4.7,4.5
129,46.78006199993227,-117.08477299999345,10,20,5.14,5.37,4.75
129,46.78006199993227,-117.08477299999345,20,30,5.72,6.35,5.65
129,46.78006199993227,-117.08477299999345,30,36.5,6.14,6.09,6.17
129,46.78006199993227,-117.08477299999345,36.5,53,6.41,6.35,6.52
129,46.78006199993227,-117.08477299999345,53,72,6.38,6.41,NA
129,46.78006199993227,-117.08477299999345,53,84,NA,NA,6.97
129,46.78006199993227,-117.08477299999345,72,103,6.44,6.41,NA
129,46.78006199993227,-117.08477299999345,84,103,NA,NA,6.94
129,46.78006199993227,-117.08477299999345,103,153,6.35,6.41,6.85
131,46.78010399993395,-117.08393700000492,0,10,5.26,5.01,4.51
131,46.78010399993395,-117.08393700000492,10,20,5.19,5.46,5.32
131,46.78010399993395,-117.08393700000492,20,30,5.23,6.26,6.61
131,46.78010399993395,-117.08393700000492,30,57,5.76,6.05,6.06
131,46.78010399993395,-117.08393700000492,57,75,6.13,6.16,6.38
131,46.78010399993395,-117.08393700000492,75,100,6.42,6.29,6.74
131,46.78010399993395,-117.08393700000492,100,153,6.35,6.08,6.95
133,46.78008799993472,-117.08310100000014,0,10,5.34,5.37,4.72
133,46.78008799993472,-117.08310100000014,10,20,5.58,5.78,5.12
133,46.78008799993472,-117.08310100000014,20,30,5.9,6.28,5.83
133,46.78008799993472,-117.08310100000014,30,49,5.59,5.45,6.16
133,46.78008799993472,-117.08310100000014,49,79,5.78,5.62,6.46
133,46.78008799993472,-117.08310100000014,79,91,NA,NA,6.64
133,46.78008799993472,-117.08310100000014,79,95,5.94,5.83,NA
133,46.78008799993472,-117.08310100000014,91,117,NA,NA,6.94
133,46.78008799993472,-117.08310100000014,95,117,6.28,6.24,NA
133,46.78008799993472,-117.08310100000014,117,153,6.22,6.3,7.02
135,46.78019399993446,-117.08226500000319,0,10,5.4,5.25,4.55
135,46.78019399993446,-117.08226500000319,10,20,5.54,5.57,5
135,46.78019399993446,-117.08226500000319,20,30,6.13,6.2,5.75
135,46.78019399993446,-117.08226500000319,30,36,5.91,5.6,5.83
135,46.78019399993446,-117.08226500000319,36,64,6.18,5.98,6.43
135,46.78019399993446,-117.08226500000319,64,86,6.35,6.19,6.83
135,46.78019399993446,-117.08226500000319,86,114,6.43,6.33,7
135,46.78019399993446,-117.08226500000319,114,153,6.45,6.5,7.17
137,46.78014727267813,-117.08145287173771,0,10,5.48,5.28,4.88
137,46.78014727267813,-117.08145287173771,10,20,5.52,5.07,5.48
137,46.78014727267813,-117.08145287173771,20,30,6.6,5.9,6.13
137,46.78014727267813,-117.08145287173771,30,45,6.11,6.05,6.44
137,46.78014727267813,-117.08145287173771,45,76,6.36,6.33,6.75
137,46.78014727267813,-117.08145287173771,76,123,6.51,6.63,6.99
137,46.78014727267813,-117.08145287173771,123,153,6.61,6.75,7.05
139,46.77999299992963,-117.08059299999658,0,10,5.28,4.95,4.54
139,46.77999299992963,-117.08059299999658,10,20,5.54,5.46,4.73
139,46.77999299992963,-117.08059299999658,20,30,6.2,6.51,5.68
139,46.77999299992963,-117.08059299999658,30,37,5.84,5.95,6.19
139,46.77999299992963,-117.08059299999658,37,57,NA,NA,6.43
139,46.77999299992963,-117.08059299999658,37,74.5,6.06,6.28,NA
139,46.77999299992963,-117.08059299999658,57,112,NA,NA,6.9
139,46.77999299992963,-117.08059299999658,74.5,125,6.44,6.6,NA
139,46.77999299992963,-117.08059299999658,112,153,NA,NA,7.18
139,46.77999299992963,-117.08059299999658,125,153,6.65,6.86,NA
141,46.780226999932275,-117.07975700000412,0,10,5.57,5.17,4.7
141,46.780226999932275,-117.07975700000412,10,20,5.71,5.81,5.32
141,46.780226999932275,-117.07975700000412,20,30,6.66,6.63,6.32
141,46.780226999932275,-117.07975700000412,30,37,NA,NA,6.38
141,46.780226999932275,-117.07975700000412,30,38,5.97,5.77,NA
141,46.780226999932275,-117.07975700000412,37,49,NA,NA,6.7
141,46.780226999932275,-117.07975700000412,38,54,6.12,6.04,NA
141,46.780226999932275,-117.07975700000412,49,99,NA,NA,6.94
141,46.780226999932275,-117.07975700000412,54,100,6.24,6.27,NA
141,46.780226999932275,-117.07975700000412,99,153,NA,NA,7.17
141,46.780226999932275,-117.07975700000412,100,153,6.74,6.76,NA
143,46.78010381911919,-117.07890309813091,0,10,5.19,4.95,4.81
143,46.78010381911919,-117.07890309813091,10,20,5.4,5.52,5.42
143,46.78010381911919,-117.07890309813091,20,30,6.3,6.29,6.17
143,46.78010381911919,-117.07890309813091,30,42,6.11,5.79,6.37
143,46.78010381911919,-117.07890309813091,42,61,6.18,6.09,NA
143,46.78010381911919,-117.07890309813091,42,63,NA,NA,6.73
143,46.78010381911919,-117.07890309813091,61,70,6.27,6.09,NA
143,46.78010381911919,-117.07890309813091,63,80,NA,NA,6.81
143,46.78010381911919,-117.07890309813091,70,101,6.24,6.16,NA
143,46.78010381911919,-117.07890309813091,80,101,NA,NA,6.86
143,46.78010381911919,-117.07890309813091,101,136,6.56,6.2,6.99
143,46.78010381911919,-117.07890309813091,136,153,6.5,6.46,6.79
145,46.780128999934526,-117.07808499999827,0,10,5.74,4.96,4.7
145,46.780128999934526,-117.07808499999827,10,20,6.48,5.82,5.49
145,46.780128999934526,-117.07808499999827,20,30,0,6.57,6.44
145,46.780128999934526,-117.07808499999827,30,32,0,5.58,6.09
145,46.780128999934526,-117.07808499999827,32,50,6.1,6.08,6.52
145,46.780128999934526,-117.07808499999827,50,68,6.17,6.17,NA
145,46.780128999934526,-117.07808499999827,50,69,NA,NA,6.76
145,46.780128999934526,-117.07808499999827,68,125,5.97,6.19,NA
145,46.780128999934526,-117.07808499999827,69,125,NA,NA,6.87
145,46.780128999934526,-117.07808499999827,125,153,6.02,6.24,6.77
147,46.780229999932715,-117.07724899999708,0,10,4.96,5.04,4.71
147,46.780229999932715,-117.07724899999708,10,20,5.47,5.48,5.1
147,46.780229999932715,-117.07724899999708,20,30,6.03,6.26,5.59
147,46.780229999932715,-117.07724899999708,30,48,5.77,5.61,6.68
147,46.780229999932715,-117.07724899999708,48,85,5.88,5.6,6.6
147,46.780229999932715,-117.07724899999708,85,145,6.47,5.92,7.72
147,46.780229999932715,-117.07724899999708,145,153,6.64,6.49,7.62
149,46.78042199993608,-117.08710299999856,0,10,4.89,4.33,4.4
149,46.78042199993608,-117.08710299999856,10,20,4.91,4.75,4.56
149,46.78042199993608,-117.08710299999856,20,30,5.58,5.41,5.3
149,46.78042199993608,-117.08710299999856,30,34,5.58,4.79,5.18
149,46.78042199993608,-117.08710299999856,34,70,5.67,5.49,5.98
149,46.78042199993608,-117.08710299999856,70,90,5.81,5.74,6.27
149,46.78042199993608,-117.08710299999856,90,114,6.03,5.87,6.49
149,46.78042199993608,-117.08710299999856,114,153,6.02,5.9,6.72
151,46.7804554421613,-117.08622506234101,0,10,5.44,4.98,4.81
151,46.7804554421613,-117.08622506234101,10,20,6.06,5.28,5.04
151,46.7804554421613,-117.08622506234101,20,30,6.49,5.93,5.76
151,46.7804554421613,-117.08622506234101,30,43,5.64,5.31,5.82
151,46.7804554421613,-117.08622506234101,43,78,5.97,6.03,6.37
151,46.7804554421613,-117.08622506234101,78,109,6.23,6.31,6.65
151,46.7804554421613,-117.08622506234101,109,153,6.2,6.51,6.83
153,46.78049999992753,-117.08543099999355,0,10,5.52,5.24,5.1
153,46.78049999992753,-117.08543099999355,10,20,5.73,5.27,5.06
153,46.78049999992753,-117.08543099999355,20,30,6.55,5.98,6.1
153,46.78049999992753,-117.08543099999355,30,46,6.03,0,6.16
153,46.78049999992753,-117.08543099999355,46,66,6.17,0,6.57
153,46.78049999992753,-117.08543099999355,66,120,6.62,0,6.82
153,46.78049999992753,-117.08543099999355,120,153,6.79,0,7.3
155,46.780436999934366,-117.08459499999867,0,10,5.19,4.97,4.7
155,46.780436999934366,-117.08459499999867,10,20,5.51,5.48,5.25
155,46.780436999934366,-117.08459499999867,20,30,6.05,6.38,6.08
155,46.780436999934366,-117.08459499999867,30,43,NA,NA,6.08
155,46.780436999934366,-117.08459499999867,30,49,5.9,6.11,NA
155,46.780436999934366,-117.08459499999867,43,60,NA,NA,6.57
155,46.780436999934366,-117.08459499999867,49,71,6.25,6.46,NA
155,46.780436999934366,-117.08459499999867,60,98,NA,NA,7.02
155,46.780436999934366,-117.08459499999867,71,98,6.31,6.87,NA
155,46.780436999934366,-117.08459499999867,98,153,6.56,6.83,7.19
157,46.78045299993024,-117.08375900000377,0,10,5.22,5.4,4.61
157,46.78045299993024,-117.08375900000377,10,20,5.59,5.57,6.16
157,46.78045299993024,-117.08375900000377,20,30,6.48,6.45,5.86
157,46.78045299993024,-117.08375900000377,30,43,6.21,6.32,NA
157,46.78045299993024,-117.08375900000377,30,52,NA,NA,6.65
157,46.78045299993024,-117.08375900000377,43,89,6.74,7.05,NA
157,46.78045299993024,-117.08375900000377,52,89,NA,NA,7.06
157,46.78045299993024,-117.08375900000377,89,106,7.15,7.53,NA
157,46.78045299993024,-117.08375900000377,89,123,NA,NA,7.38
157,46.78045299993024,-117.08375900000377,106,153,NA,NA,NA
157,46.78045299993024,-117.08375900000377,123,153,NA,NA,7.56
159,46.78044299993169,-117.08292299999717,0,10,5.45,5.31,5.18
159,46.78044299993169,-117.08292299999717,10,20,5.64,5.73,5.54
159,46.78044299993169,-117.08292299999717,20,30,6.72,6.63,6.29
159,46.78044299993169,-117.08292299999717,30,57,6.34,6.17,6.28
159,46.78044299993169,-117.08292299999717,57,92,6.54,6.76,6.76
159,46.78044299993169,-117.08292299999717,92,127,6.7,7.08,7.01
159,46.78044299993169,-117.08292299999717,127,153,6.62,7.09,7.06
161,46.78028199993236,-117.0820870000057,0,10,4.75,4.88,4.52
161,46.78028199993236,-117.0820870000057,10,20,4.94,5.38,5.13
161,46.78028199993236,-117.0820870000057,20,30,5.61,5.92,5.76
161,46.78028199993236,-117.0820870000057,30,65,5.63,5.64,6.04
161,46.78028199993236,-117.0820870000057,65,103,6.09,6.16,6.57
161,46.78028199993236,-117.0820870000057,103,115,NA,NA,6.8
161,46.78028199993236,-117.0820870000057,103,122,6.33,6.52,NA
161,46.78028199993236,-117.0820870000057,115,135,NA,NA,7.14
161,46.78028199993236,-117.0820870000057,122,142,6.1,6.22,NA
161,46.78028199993236,-117.0820870000057,135,153,NA,NA,6.92
161,46.78028199993236,-117.0820870000057,142,153,5.89,6.12,NA
163,46.7804229999283,-117.08125099999889,0,10,5.25,4.94,4.96
163,46.7804229999283,-117.08125099999889,10,20,5.35,5.3,5.38
163,46.7804229999283,-117.08125099999889,20,30,5.79,6.17,5.93
163,46.7804229999283,-117.08125099999889,30,34,5.79,5.15,5.6
163,46.7804229999283,-117.08125099999889,34,72,5.62,6.04,6.26
163,46.7804229999283,-117.08125099999889,72,122,5.97,6.42,6.65
163,46.7804229999283,-117.08125099999889,122,153,5.99,6.38,6.76
165,46.780541999932495,-117.08041499999896,0,10,4.92,4.75,4.98
165,46.780541999932495,-117.08041499999896,10,20,5.31,5.48,5.33
165,46.780541999932495,-117.08041499999896,20,30,5.99,6.26,6.03
165,46.780541999932495,-117.08041499999896,30,60,6.05,6.29,6.07
165,46.780541999932495,-117.08041499999896,60,96,6.32,6.58,6.59
165,46.780541999932495,-117.08041499999896,96,138,6.54,6.67,6.97
165,46.780541999932495,-117.08041499999896,138,153,6.66,6.53,6.95
167,46.78047699992918,-117.07957899999805,0,10,5.56,5.29,4.76
167,46.78047699992918,-117.07957899999805,10,20,5.85,5.79,5.57
167,46.78047699992918,-117.07957899999805,20,30,7.21,6.78,6.54
167,46.78047699992918,-117.07957899999805,30,34,7.21,5.97,6.05
167,46.78047699992918,-117.07957899999805,34,52,6.65,6.87,6.55
167,46.78047699992918,-117.07957899999805,52,81,7.24,6.58,6.85
167,46.78047699992918,-117.07957899999805,81,103,7.58,7.09,7.32
167,46.78047699992918,-117.07957899999805,103,153,7.45,7.56,7.56
169,46.780409999930704,-117.07874299999854,0,10,5.02,4.98,4.79
169,46.780409999930704,-117.07874299999854,10,20,5.24,5.37,5.38
169,46.780409999930704,-117.07874299999854,20,30,6.03,6.27,6.3
169,46.780409999930704,-117.07874299999854,30,56,6.2,6.18,6.22
169,46.780409999930704,-117.07874299999854,56,78,6.46,6.35,6.64
169,46.780409999930704,-117.07874299999854,78,107,6.5,6.28,6.88
169,46.780409999930704,-117.07874299999854,107,153,6.39,6.17,7.03
171,46.78035199992877,-117.07790700000423,0,10,5.23,4.95,4.8
171,46.78035199992877,-117.07790700000423,10,20,5.09,5.26,5.22
171,46.78035199992877,-117.07790700000423,20,30,5.99,6.38,6.2
171,46.78035199992877,-117.07790700000423,30,57,6.07,5.89,6.14
171,46.78035199992877,-117.07790700000423,57,82,6.33,6.2,6.62
171,46.78035199992877,-117.07790700000423,82,106,6.24,6.14,6.7
171,46.78035199992877,-117.07790700000423,106,153,6.4,6.13,6.87
173,46.78028999993326,-117.07707100000248,0,10,4.85,4.98,4.87
173,46.78028999993326,-117.07707100000248,10,20,4.94,5.31,5.3
173,46.78028999993326,-117.07707100000248,20,30,6.04,6.13,5.89
173,46.78028999993326,-117.07707100000248,30,45,NA,NA,5.89
173,46.78028999993326,-117.07707100000248,30,53,5.8,5.4,NA
173,46.78028999993326,-117.07707100000248,45,72,NA,NA,6.45
173,46.78028999993326,-117.07707100000248,53,72,5.91,5.47,NA
173,46.78028999993326,-117.07707100000248,72,103,5.53,5.45,6.63
173,46.78028999993326,-117.07707100000248,103,153,5.79,6.02,6.6
175,46.780707999932396,-117.08687899999862,0,10,5.03,4.88,4.66
175,46.780707999932396,-117.08687899999862,10,20,5.15,5.25,4.46
175,46.780707999932396,-117.08687899999862,20,30,5.53,5.99,5.49
175,46.780707999932396,-117.08687899999862,30,35,0,5.34,5.76
175,46.780707999932396,-117.08687899999862,35,57,5.72,5.87,6.35
175,46.780707999932396,-117.08687899999862,57,69,5.99,6.1,6.65
175,46.780707999932396,-117.08687899999862,69,110,6.19,6.52,6.95
175,46.780707999932396,-117.08687899999862,110,125,6.37,6.42,6.83
175,46.780707999932396,-117.08687899999862,125,153,6.35,6.36,6.95
177,46.78076299993072,-117.08604300000336,0,10,5.19,4.97,4.69
177,46.78076299993072,-117.08604300000336,10,20,5.25,5.48,4.53
177,46.78076299993072,-117.08604300000336,20,30,5.65,6.1,5.66
177,46.78076299993072,-117.08604300000336,30,34,5.65,5.95,6.09
177,46.78076299993072,-117.08604300000336,34,72,5.95,6.37,7.75
177,46.78076299993072,-117.08604300000336,72,123,6.49,6.63,7.86
177,46.78076299993072,-117.08604300000336,123,153,6.55,6.68,7.69
179,46.78078599993143,-117.08520700000078,0,10,5.33,4.96,4.96
179,46.78078599993143,-117.08520700000078,10,20,5.5,5.66,4.84
179,46.78078599993143,-117.08520700000078,20,30,5.79,6.12,5.58
179,46.78078599993143,-117.08520700000078,30,34,5.79,0,NA
179,46.78078599993143,-117.08520700000078,30,42,NA,NA,6.07
179,46.78078599993143,-117.08520700000078,34,68,5.71,0,NA
179,46.78078599993143,-117.08520700000078,42,73,NA,NA,6.53
179,46.78078599993143,-117.08520700000078,68,98,6.18,0,NA
179,46.78078599993143,-117.08520700000078,73,116,NA,NA,6.89
179,46.78078599993143,-117.08520700000078,98,126,6.36,0,NA
179,46.78078599993143,-117.08520700000078,116,126,NA,NA,6.95
179,46.78078599993143,-117.08520700000078,126,153,6.37,0,6.9
181,46.78072299993372,-117.08437100000594,0,10,5.03,5.12,5.03
181,46.78072299993372,-117.08437100000594,10,20,5.18,5.61,5.15
181,46.78072299993372,-117.08437100000594,20,30,5.68,5.77,5.66
181,46.78072299993372,-117.08437100000594,30,48,5.34,5.73,5.93
181,46.78072299993372,-117.08437100000594,48,75,5.68,6.19,6.35
181,46.78072299993372,-117.08437100000594,75,109,6.05,6.55,6.62
181,46.78072299993372,-117.08437100000594,109,153,6.83,7.18,6.87
183,46.78073899993008,-117.08353499999848,0,10,5.19,5.45,4.4
183,46.78073899993008,-117.08353499999848,10,20,5.35,5.47,4.87
183,46.78073899993008,-117.08353499999848,20,30,6.16,6.43,5.91
183,46.78073899993008,-117.08353499999848,30,43,6.01,5.65,5.94
183,46.78073899993008,-117.08353499999848,43,89,6.42,6.16,6.47
183,46.78073899993008,-117.08353499999848,89,122,6.74,6.53,6.86
183,46.78073899993008,-117.08353499999848,122,153,NA,NA,7.13
185,46.78072899993331,-117.08269899999522,0,10,4.85,5.09,4.74
185,46.78072899993331,-117.08269899999522,10,20,5.16,5.27,4.64
185,46.78072899993331,-117.08269899999522,20,30,5.74,5.99,5.48
185,46.78072899993331,-117.08269899999522,30,36,5.56,5.22,NA
185,46.78072899993331,-117.08269899999522,30,40,NA,NA,5.81
185,46.78072899993331,-117.08269899999522,36,62,5.85,5.53,NA
185,46.78072899993331,-117.08269899999522,40,75,NA,NA,6.19
185,46.78072899993331,-117.08269899999522,62,127,6.73,6.23,NA
185,46.78072899993331,-117.08269899999522,75,112,NA,NA,6.8
185,46.78072899993331,-117.08269899999522,112,153,NA,NA,7.08
185,46.78072899993331,-117.08269899999522,127,153,7.34,6.56,NA
187,46.7805679999344,-117.0818630000035,0,10,5.16,5.22,4.79
187,46.7805679999344,-117.0818630000035,10,20,5.4,5.53,4.95
187,46.7805679999344,-117.0818630000035,20,30,6.01,6.01,5.21
187,46.7805679999344,-117.0818630000035,30,31,6.22,5.62,NA
187,46.7805679999344,-117.0818630000035,30,38,NA,NA,6.11
187,46.7805679999344,-117.0818630000035,31,62,5.89,6.06,NA
187,46.7805679999344,-117.0818630000035,38,69,NA,NA,6.61
187,46.7805679999344,-117.0818630000035,62,94,6.25,6.33,NA
187,46.7805679999344,-117.0818630000035,69,86,NA,NA,6.84
187,46.7805679999344,-117.0818630000035,86,127,NA,NA,6.83
187,46.7805679999344,-117.0818630000035,94,127,6.24,6.39,NA
187,46.7805679999344,-117.0818630000035,127,153,6.22,6.51,6.78
189,46.78070899993351,-117.08102700000367,0,10,5.06,4.96,4.82
189,46.78070899993351,-117.08102700000367,10,20,4.91,5.1,4.82
189,46.78070899993351,-117.08102700000367,20,30,5.33,5.92,5.64
189,46.78070899993351,-117.08102700000367,30,31,NA,NA,NA
189,46.78070899993351,-117.08102700000367,30,62,NA,NA,6.01
189,46.78070899993351,-117.08102700000367,31,62,5.33,5.71,NA
189,46.78070899993351,-117.08102700000367,62,94,5.55,5.86,6.37
189,46.78070899993351,-117.08102700000367,94,116,5.81,6.12,6.69
189,46.78070899993351,-117.08102700000367,116,153,5.93,6.16,6.81
191,46.78082799993298,-117.080190999997,0,10,5.24,4.82,5.04
191,46.78082799993298,-117.080190999997,10,20,5.21,5.37,4.88
191,46.78082799993298,-117.080190999997,20,30,6.13,6.05,5.71
191,46.78082799993298,-117.080190999997,30,55,5.88,5.79,6.1
191,46.78082799993298,-117.080190999997,55,78,6.03,6.3,7.3
191,46.78082799993298,-117.080190999997,78,121,NA,NA,6.89
191,46.78082799993298,-117.080190999997,78,129,6.43,6.49,NA
191,46.78082799993298,-117.080190999997,121,153,NA,NA,6.76
191,46.78082799993298,-117.080190999997,129,153,6.44,6.58,NA
193,46.78076299993425,-117.07935500000444,0,10,4.76,5.09,4.14
193,46.78076299993425,-117.07935500000444,10,20,4.96,5.53,4.97
193,46.78076299993425,-117.07935500000444,20,30,6.38,6.59,5.84
193,46.78076299993425,-117.07935500000444,30,48,6.3,6.14,5.63
193,46.78076299993425,-117.07935500000444,48,82,6.64,6.55,6.12
193,46.78076299993425,-117.07935500000444,82,122,6.9,6.92,6.43
193,46.78076299993425,-117.07935500000444,122,153,7.02,7.26,6.8
195,46.78069599993146,-117.07851899999538,0,10,5.45,5.39,4.61
195,46.78069599993146,-117.07851899999538,10,20,5.56,5.62,5.01
195,46.78069599993146,-117.07851899999538,20,30,6.55,6.54,5.6
195,46.78069599993146,-117.07851899999538,30,45,6.32,5.54,5.95
195,46.78069599993146,-117.07851899999538,45,70,6.63,6.22,6.67
195,46.78069599993146,-117.07851899999538,70,88,NA,NA,7.12
195,46.78069599993146,-117.07851899999538,70,92,6.73,6.52,NA
195,46.78069599993146,-117.07851899999538,88,114,NA,NA,7.3
195,46.78069599993146,-117.07851899999538,92,114,6.04,6.94,NA
195,46.78069599993146,-117.07851899999538,114,153,7.04,7.28,7.65
197,46.78063799993377,-117.07768299999356,0,10,5.72,5.23,4.82
197,46.78063799993377,-117.07768299999356,10,20,5.32,6.26,5.16
197,46.78063799993377,-117.07768299999356,20,30,6.46,6.83,5.8
197,46.78063799993377,-117.07768299999356,30,45,6.46,6.09,6.22
197,46.78063799993377,-117.07768299999356,45,86,6.69,6.37,6.57
197,46.78063799993377,-117.07768299999356,86,120,7.09,7.39,6.9
197,46.78063799993377,-117.07768299999356,120,153,7.39,7.41,7.07
199,46.780575999933696,-117.07684700000088,0,10,4.79,4.86,4.44
199,46.780575999933696,-117.07684700000088,10,20,4.92,5.33,4.75
199,46.780575999933696,-117.07684700000088,20,30,5.24,6.01,5.48
199,46.780575999933696,-117.07684700000088,30,34,5.24,5.09,5.45
199,46.780575999933696,-117.07684700000088,34,52,5.54,5.79,6.1
199,46.780575999933696,-117.07684700000088,52,85,5.75,5.92,6.17
199,46.780575999933696,-117.07684700000088,85,108,5.92,6.14,NA
199,46.780575999933696,-117.07684700000088,85,110,NA,NA,6.4
199,46.780575999933696,-117.07684700000088,108,153,5.51,5.84,NA
199,46.780575999933696,-117.07684700000088,110,153,NA,NA,6.6
201,46.781048999929155,-117.08624199999502,0,10,6.61,4.85,4.39
201,46.781048999929155,-117.08624199999502,10,20,7.81,5.42,4.56
201,46.781048999929155,-117.08624199999502,20,30,7.78,5.86,5.73
201,46.781048999929155,-117.08624199999502,30,53,7.23,6.33,6.36
201,46.781048999929155,-117.08624199999502,53,95,7,7.18,6.7
201,46.781048999929155,-117.08624199999502,95,120,6.95,6.98,7.38
201,46.781048999929155,-117.08624199999502,120,153,NA,NA,7.5
203,46.78107199993305,-117.08540599999944,0,10,5.5,5.14,4.9
203,46.78107199993305,-117.08540599999944,10,20,5.64,5.63,4.56
203,46.78107199993305,-117.08540599999944,20,30,6.13,5.96,5.45
203,46.78107199993305,-117.08540599999944,30,33,6.13,5.77,6.38
203,46.78107199993305,-117.08540599999944,33,57,5.98,6.28,6.67
203,46.78107199993305,-117.08540599999944,57,79,6.2,6.4,6.84
203,46.78107199993305,-117.08540599999944,79,102,6.49,6.66,7.01
203,46.78107199993305,-117.08540599999944,102,153,6.69,6.83,7.21
205,46.781008999933846,-117.08456999999541,0,10,5.79,5.45,5.15
205,46.781008999933846,-117.08456999999541,10,20,6.22,6.14,5.19
205,46.781008999933846,-117.08456999999541,20,30,6.66,6.55,5.92
205,46.781008999933846,-117.08456999999541,30,34,6.66,5.7,5.94
205,46.781008999933846,-117.08456999999541,34,58,5.91,6.16,6.24
205,46.781008999933846,-117.08456999999541,58,84,6.27,6.34,6.58
205,46.781008999933846,-117.08456999999541,84,97,6.42,6.49,6.84
205,46.781008999933846,-117.08456999999541,97,153,6.4,6.51,7.59
207,46.781039377503554,-117.0837549741222,0,10,5.58,5.18,4.72
207,46.781039377503554,-117.0837549741222,10,20,5.65,5.59,5.1
207,46.781039377503554,-117.0837549741222,20,30,6.27,6.3,5.9
207,46.781039377503554,-117.0837549741222,30,46,6.14,5.6,6
207,46.781039377503554,-117.0837549741222,46,70,6.19,6.11,6.26
207,46.781039377503554,-117.0837549741222,70,93,6.2,6.08,6.51
207,46.781039377503554,-117.0837549741222,93,135,6.22,6.36,6.73
207,46.781039377503554,-117.0837549741222,135,153,6.19,6.43,6.91
209,46.781014999932815,-117.08289799999514,0,10,5.05,5.23,4.64
209,46.781014999932815,-117.08289799999514,10,20,5.33,5.35,4.92
209,46.781014999932815,-117.08289799999514,20,30,6,6.19,5.29
209,46.781014999932815,-117.08289799999514,30,48,5.68,5.93,6.22
209,46.781014999932815,-117.08289799999514,48,82,5.94,6.42,6.62
209,46.781014999932815,-117.08289799999514,82,109,6.24,6.59,7.05
209,46.781014999932815,-117.08289799999514,109,139,6.26,6.67,7.15
209,46.781014999932815,-117.08289799999514,139,153,6.13,6.7,7.22
211,46.780853999928304,-117.08206199999921,0,10,5.14,5.41,4.91
211,46.780853999928304,-117.08206199999921,10,20,5.71,5.32,4.94
211,46.780853999928304,-117.08206199999921,20,30,6.37,5.9,5.84
211,46.780853999928304,-117.08206199999921,30,57,5.86,5.88,6.22
211,46.780853999928304,-117.08206199999921,57,93,6.18,6.24,NA
211,46.780853999928304,-117.08206199999921,57,94,NA,NA,6.72
211,46.780853999928304,-117.08206199999921,93,126,6.42,6.43,NA
211,46.780853999928304,-117.08206199999921,94,126,NA,NA,7.16
211,46.780853999928304,-117.08206199999921,126,153,6.61,6.66,7.41
213,46.780994999933746,-117.08122599999662,0,10,4.91,5.78,4.9
213,46.780994999933746,-117.08122599999662,10,20,5.29,6.17,5.46
213,46.780994999933746,-117.08122599999662,20,30,5.91,6.49,6.05
213,46.780994999933746,-117.08122599999662,30,55,5.83,5.53,6.4
213,46.780994999933746,-117.08122599999662,55,86,6.13,5.76,6.72
213,46.780994999933746,-117.08122599999662,86,114,NA,NA,6.9
213,46.780994999933746,-117.08122599999662,86,117,6.14,6.11,NA
213,46.780994999933746,-117.08122599999662,114,130,NA,NA,7.1
213,46.780994999933746,-117.08122599999662,117,130,NA,5.96,NA
213,46.780994999933746,-117.08122599999662,130,153,NA,6.03,7.03
215,46.7811180629861,-117.08043771337856,0,10,5.3,4.77,4.34
215,46.7811180629861,-117.08043771337856,10,20,5.25,4.99,4.75
215,46.7811180629861,-117.08043771337856,20,30,5.68,5.74,5.41
215,46.7811180629861,-117.08043771337856,30,37,5.08,4.94,5.42
215,46.7811180629861,-117.08043771337856,37,59,5.53,5.58,6.1
215,46.7811180629861,-117.08043771337856,59,88,5.77,5.78,6.35
215,46.7811180629861,-117.08043771337856,88,130,5.99,6.01,6.51
215,46.7811180629861,-117.08043771337856,130,153,NA,NA,6.71
217,46.78104899993151,-117.07955400000166,0,10,5.06,4.89,4.62
217,46.78104899993151,-117.07955400000166,10,20,5.81,5.36,5.05
217,46.78104899993151,-117.07955400000166,20,30,6.4,6.38,5.8
217,46.78104899993151,-117.07955400000166,30,38,6.02,5.53,6
217,46.78104899993151,-117.07955400000166,38,83,6.32,6.3,6.52
217,46.78104899993151,-117.07955400000166,83,119,6.59,6.76,7.14
217,46.78104899993151,-117.07955400000166,119,153,6.75,6.96,7.44
219,46.780981999927455,-117.07871799999486,0,10,5.06,4.99,4.51
219,46.780981999927455,-117.07871799999486,10,20,5.03,5.57,4.87
219,46.780981999927455,-117.07871799999486,20,30,6.33,6.3,5.97
219,46.780981999927455,-117.07871799999486,30,44,6.23,6.2,6.17
219,46.780981999927455,-117.07871799999486,44,83,6.46,6.69,6.6
219,46.780981999927455,-117.07871799999486,83,116,6.69,6.39,6.92
219,46.780981999927455,-117.07871799999486,116,153,6.82,6.91,7.24
221,46.78092399992802,-117.07788200000235,0,10,5.03,5.07,4.76
221,46.78092399992802,-117.07788200000235,10,20,5.04,5.28,4.97
221,46.78092399992802,-117.07788200000235,20,30,5.87,6.01,5.94
221,46.78092399992802,-117.07788200000235,30,49,6.1,6.02,6.48
221,46.78092399992802,-117.07788200000235,49,89,6.43,6.36,6.91
221,46.78092399992802,-117.07788200000235,89,118,6.57,6.68,7.2
221,46.78092399992802,-117.07788200000235,118,153,6.65,6.68,7.64
223,46.78086199993543,-117.07704600000426,0,10,5.26,4.98,4.75
223,46.78086199993543,-117.07704600000426,10,20,5.9,5.9,5.11
223,46.78086199993543,-117.07704600000426,20,30,6.84,6.76,5.67
223,46.78086199993543,-117.07704600000426,30,38,6.12,6.01,6.17
223,46.78086199993543,-117.07704600000426,38,66,6.42,6.57,6.61
223,46.78086199993543,-117.07704600000426,66,91,6.65,6.67,7.01
223,46.78086199993543,-117.07704600000426,91,141,6.66,6.48,7.23
223,46.78086199993543,-117.07704600000426,141,153,6.53,6.57,7.24
225,46.781364999935064,-117.08629499999674,0,10,5.46,4.97,5.26
225,46.781364999935064,-117.08629499999674,10,20,5.32,5.42,5.06
225,46.781364999935064,-117.08629499999674,20,30,5.13,5.79,5.4
225,46.781364999935064,-117.08629499999674,30,35,5.11,5.2,NA
225,46.781364999935064,-117.08629499999674,30,42,NA,NA,5.52
225,46.781364999935064,-117.08629499999674,35,61,5.02,5.98,NA
225,46.781364999935064,-117.08629499999674,42,61,NA,NA,6.32
225,46.781364999935064,-117.08629499999674,61,101,6.1,6.7,6.69
225,46.781364999935064,-117.08629499999674,101,153,6.33,6.31,6.85
227,46.78122202835613,-117.08543278168331,0,10,5.34,5.28,4.9
227,46.78122202835613,-117.08543278168331,10,20,5.54,5.99,5.22
227,46.78122202835613,-117.08543278168331,20,30,6.32,6.66,6.02
227,46.78122202835613,-117.08543278168331,30,42,6.07,6.08,6.23
227,46.78122202835613,-117.08543278168331,42,69,6.34,6.42,6.72
227,46.78122202835613,-117.08543278168331,69,121,6.72,6.79,7.01
227,46.78122202835613,-117.08543278168331,121,153,6.94,7.01,7.17
229,46.78120599993148,-117.08462300000316,0,10,6.03,5.75,5.59
229,46.78120599993148,-117.08462300000316,10,20,6.08,6.41,5.58
229,46.78120599993148,-117.08462300000316,20,30,6.68,6.32,6.12
229,46.78120599993148,-117.08462300000316,30,52,6.04,0,6.48
229,46.78120599993148,-117.08462300000316,52,82,6.24,0,6.74
229,46.78120599993148,-117.08462300000316,82,93,NA,NA,7.01
229,46.78120599993148,-117.08462300000316,82,101,6.32,0,NA
229,46.78120599993148,-117.08462300000316,93,153,NA,NA,7.12
229,46.78120599993148,-117.08462300000316,101,153,6.29,0,NA
231,46.781247999934486,-117.08378699999498,0,10,5.06,5.19,4.96
231,46.781247999934486,-117.08378699999498,10,20,5.38,5.42,5.47
231,46.781247999934486,-117.08378699999498,20,30,6.07,6.61,6.08
231,46.781247999934486,-117.08378699999498,30,37,6.04,NA,NA
231,46.781247999934486,-117.08378699999498,30,48,NA,6.28,6.42
231,46.781247999934486,-117.08378699999498,37,48,6.54,NA,NA
231,46.781247999934486,-117.08378699999498,48,87,NA,6.69,6.84
231,46.781247999934486,-117.08378699999498,48,107,6.35,NA,NA
231,46.781247999934486,-117.08378699999498,87,107,NA,7.05,7.16
231,46.781247999934486,-117.08378699999498,107,153,6.8,7.19,7.45
233,46.781231999930206,-117.08295099999891,0,10,4.73,5.23,4.58
233,46.781231999930206,-117.08295099999891,10,20,5.16,5.58,5.27
233,46.781231999930206,-117.08295099999891,20,30,5.93,6.31,6.36
233,46.781231999930206,-117.08295099999891,30,46,6.42,6.35,6.44
233,46.781231999930206,-117.08295099999891,46,77,7.26,7.25,6.76
233,46.781231999930206,-117.08295099999891,77,100,7.74,7.77,NA
233,46.781231999930206,-117.08295099999891,77,118,NA,NA,7.63
233,46.781231999930206,-117.08295099999891,100,153,7.76,7.65,NA
233,46.781231999930206,-117.08295099999891,118,153,NA,NA,7.94
235,46.78133799992742,-117.08211500000289,0,10,5.26,5.02,4.7
235,46.78133799992742,-117.08211500000289,10,20,5.53,5.41,5.06
235,46.78133799992742,-117.08211500000289,20,30,5.99,5.98,5.95
235,46.78133799992742,-117.08211500000289,30,41,6.15,5.84,6.11
235,46.78133799992742,-117.08211500000289,41,72,6.48,6.44,6.55
235,46.78133799992742,-117.08211500000289,72,104,6.65,6.68,NA
235,46.78133799992742,-117.08211500000289,72,115,NA,NA,7.02
235,46.78133799992742,-117.08211500000289,104,153,6.88,6.86,NA
235,46.78133799992742,-117.08211500000289,115,153,NA,NA,7.3
237,46.781263475050416,-117.08124366991305,0,10,5.31,4.96,4.44
237,46.781263475050416,-117.08124366991305,10,20,5.69,5.29,4.83
237,46.781263475050416,-117.08124366991305,20,30,6.47,5.79,5.74
237,46.781263475050416,-117.08124366991305,30,49,6.14,5.63,6.22
237,46.781263475050416,-117.08124366991305,49,80,6.22,6.25,6.65
237,46.781263475050416,-117.08124366991305,80,116,6.41,6.21,NA
237,46.781263475050416,-117.08124366991305,80,125,NA,NA,6.96
237,46.781263475050416,-117.08124366991305,116,153,6.71,6.45,NA
237,46.781263475050416,-117.08124366991305,125,153,NA,NA,7.12
239,46.781153377839686,-117.08045495122813,0,10,4.94,4.87,4.51
239,46.781153377839686,-117.08045495122813,10,20,4.88,5.16,4.78
239,46.781153377839686,-117.08045495122813,20,30,5.16,5.75,5.41
239,46.781153377839686,-117.08045495122813,30,35,4.87,4.71,5.46
239,46.781153377839686,-117.08045495122813,35,69,5.52,5.56,6.52
239,46.781153377839686,-117.08045495122813,69,103,5.77,5.91,6.55
239,46.781153377839686,-117.08045495122813,103,128,5.9,5.99,6.76
239,46.781153377839686,-117.08045495122813,128,153,5.93,6.02,6.91
241,46.78137099993001,-117.07960700000373,0,10,5.36,4.88,4.75
241,46.78137099993001,-117.07960700000373,10,20,5.94,5.13,5.21
241,46.78137099993001,-117.07960700000373,20,30,6.6,6,5.97
241,46.78137099993001,-117.07960700000373,30,56,6.06,5.97,6.28
241,46.78137099993001,-117.07960700000373,56,97,6.35,6.44,6.66
241,46.78137099993001,-117.07960700000373,97,126,6.56,6.84,6.75
241,46.78137099993001,-117.07960700000373,126,153,6.63,6.87,6.78
243,46.78125599992821,-117.07877100000395,0,10,4.89,5.15,4.12
243,46.78125599992821,-117.07877100000395,10,20,5.47,5.49,4.67
243,46.78125599992821,-117.07877100000395,20,30,6.46,5.94,5.86
243,46.78125599992821,-117.07877100000395,30,49,6.15,6.2,6.29
243,46.78125599992821,-117.07877100000395,49,85,6.48,6.47,6.73
243,46.78125599992821,-117.07877100000395,85,102,6.64,6.51,NA
243,46.78125599992821,-117.07877100000395,85,110,NA,NA,6.97
243,46.78125599992821,-117.07877100000395,102,128,6.79,6.62,NA
243,46.78125599992821,-117.07877100000395,110,128,NA,NA,7.12
243,46.78125599992821,-117.07877100000395,128,153,6.83,6.83,7.31
245,46.7812729999356,-117.07793500000027,0,10,4.75,5.34,4.77
245,46.7812729999356,-117.07793500000027,10,20,5.29,5.16,4.95
245,46.7812729999356,-117.07793500000027,20,30,6.31,5.86,5.58
245,46.7812729999356,-117.07793500000027,30,39,NA,NA,6.14
245,46.7812729999356,-117.07793500000027,30,41,5.99,5.67,NA
245,46.7812729999356,-117.07793500000027,39,65,NA,NA,6.28
245,46.7812729999356,-117.07793500000027,41,65,6.21,6.1,NA
245,46.7812729999356,-117.07793500000027,65,84,6.33,6.24,6.66
245,46.7812729999356,-117.07793500000027,84,118,6.45,6.44,6.74
245,46.7812729999356,-117.07793500000027,118,153,6.4,6.48,7.15
247,46.78137399993237,-117.07709900000047,0,10,5.08,5.14,4.65
247,46.78137399993237,-117.07709900000047,10,20,5.43,5.54,5.32
247,46.78137399993237,-117.07709900000047,20,30,6.15,6.23,6
247,46.78137399993237,-117.07709900000047,30,50,0,5.99,6.32
247,46.78137399993237,-117.07709900000047,50,83,6.41,6.47,6.74
247,46.78137399993237,-117.07709900000047,83,105,6.59,6.61,6.88
247,46.78137399993237,-117.07709900000047,105,153,6.65,6.78,7.05
249,46.7815259999292,-117.08586399999895,0,10,4.68,4.78,4.81
249,46.7815259999292,-117.08586399999895,10,20,4.79,5.25,4.76
249,46.7815259999292,-117.08586399999895,20,30,5.2,5.63,5.15
249,46.7815259999292,-117.08586399999895,30,43,4.88,5.02,5.41
249,46.7815259999292,-117.08586399999895,43,76,5.32,5.56,6.15
249,46.7815259999292,-117.08586399999895,76,99,5.62,5.81,6.55
249,46.7815259999292,-117.08586399999895,99,115,5.74,5.98,6.69
249,46.7815259999292,-117.08586399999895,115,127,5.96,6.01,NA
249,46.7815259999292,-117.08586399999895,115,138,NA,NA,6.81
249,46.7815259999292,-117.08586399999895,127,153,6.07,5.87,NA
249,46.7815259999292,-117.08586399999895,138,153,NA,NA,6.6
251,46.781491999931966,-117.08502800000514,0,10,6.65,7.13,6.56
251,46.781491999931966,-117.08502800000514,10,20,7.5,7.13,5.06
251,46.781491999931966,-117.08502800000514,20,30,7.76,7.62,7.2
251,46.781491999931966,-117.08502800000514,30,35,7.51,7.87,7.75
251,46.781491999931966,-117.08502800000514,35,69,7.44,7.89,8.09
251,46.781491999931966,-117.08502800000514,69,111,7.74,7.81,8.09
251,46.781491999931966,-117.08502800000514,111,132,7.65,7.64,8.12
251,46.781491999931966,-117.08502800000514,132,153,7.55,7.74,8.1
253,46.78153399993008,-117.0841919999982,0,10,4.86,4.85,4.93
253,46.78153399993008,-117.0841919999982,10,20,5.29,5.46,5.1
253,46.78153399993008,-117.0841919999982,20,30,6.49,6.69,5.64
253,46.78153399993008,-117.0841919999982,30,39,6.28,7.41,6.55
253,46.78153399993008,-117.0841919999982,39,79,6.59,8.81,8.01
253,46.78153399993008,-117.0841919999982,79,124,7.65,9,9.07
253,46.78153399993008,-117.0841919999982,124,153,7.69,8.72,9.05
255,46.7815179999328,-117.08335600000034,0,10,5.33,5.36,4.93
255,46.7815179999328,-117.08335600000034,10,20,5.67,5.54,5.23
255,46.7815179999328,-117.08335600000034,20,30,6.38,6.26,5.84
255,46.7815179999328,-117.08335600000034,30,36,0,5.73,6.05
255,46.7815179999328,-117.08335600000034,36,66,6.42,6.12,6.62
255,46.7815179999328,-117.08335600000034,66,99,6.65,6.35,6.96
255,46.7815179999328,-117.08335600000034,99,136,6.74,6.51,7.14
255,46.7815179999328,-117.08335600000034,136,153,6.68,6.59,7.2
257,46.78162399993098,-117.0825200000012,0,10,5.07,5.04,4.3
257,46.78162399993098,-117.0825200000012,10,20,5.41,5.49,4.94
257,46.78162399993098,-117.0825200000012,20,30,5.82,6.54,5.51
257,46.78162399993098,-117.0825200000012,30,60,6.38,6.12,6.31
257,46.78162399993098,-117.0825200000012,60,95,6.75,6.61,7.27
257,46.78162399993098,-117.0825200000012,95,130,6.96,6.9,7.45
257,46.78162399993098,-117.0825200000012,130,153,7.32,7.2,7.41
259,46.781564999929024,-117.08168399999406,0,10,5.19,5.26,4.84
259,46.781564999929024,-117.08168399999406,10,20,5.54,5.77,5.08
259,46.781564999929024,-117.08168399999406,20,30,6.38,6.2,6.06
259,46.781564999929024,-117.08168399999406,30,41,6.03,6.05,5.99
259,46.781564999929024,-117.08168399999406,41,79,6.12,6.41,6.6
259,46.781564999929024,-117.08168399999406,79,122,6.35,6.64,7.02
259,46.781564999929024,-117.08168399999406,122,153,6.46,6.81,7.2
261,46.78142299992753,-117.08084800000363,0,10,5.51,5.18,4.46
261,46.78142299992753,-117.08084800000363,10,20,5.47,5.59,5.22
261,46.78142299992753,-117.08084800000363,20,30,5.67,6.53,6.24
261,46.78142299992753,-117.08084800000363,30,60,5.98,6.07,6.45
261,46.78142299992753,-117.08084800000363,60,91,6.5,6.49,6.92
261,46.78142299992753,-117.08084800000363,91,119,7.02,6.64,7.19
261,46.78142299992753,-117.08084800000363,119,153,7.51,6.71,7.38
263,46.78165699993258,-117.08001200000204,0,10,5.39,5.26,5.1
263,46.78165699993258,-117.08001200000204,10,20,5.6,5.68,5.36
263,46.78165699993258,-117.08001200000204,20,30,6.46,6.71,5.55
263,46.78165699993258,-117.08001200000204,30,42,6.28,5.57,6.03
263,46.78165699993258,-117.08001200000204,42,89,6.45,6.34,6.97
263,46.78165699993258,-117.08001200000204,89,125,7.11,6.59,6.65
263,46.78165699993258,-117.08001200000204,125,153,7.69,6.64,6.87
265,46.78153381916162,-117.07915809762369,0,10,5.31,5.21,4.89
265,46.78153381916162,-117.07915809762369,10,20,5.54,5.59,5.17
265,46.78153381916162,-117.07915809762369,20,30,6.41,6.2,5.9
265,46.78153381916162,-117.07915809762369,30,58,6.24,6.12,6.37
265,46.78153381916162,-117.07915809762369,58,89,6.52,6.36,6.79
265,46.78153381916162,-117.07915809762369,89,128,6.69,6.59,7.19
265,46.78153381916162,-117.07915809762369,128,153,6.76,6.87,7.47
267,46.78155899992849,-117.07833999999747,0,10,4.98,4.96,4.73
267,46.78155899992849,-117.07833999999747,10,20,5.43,5.17,4.67
267,46.78155899992849,-117.07833999999747,20,30,5.11,6.2,5.85
267,46.78155899992849,-117.07833999999747,30,71,6.18,6.27,6.28
267,46.78155899992849,-117.07833999999747,71,104,6.57,6.57,6.89
267,46.78155899992849,-117.07833999999747,104,153,6.8,6.76,7.21
269,46.78165999993548,-117.07750399999632,0,10,5.85,5.57,4.69
269,46.78165999993548,-117.07750399999632,10,20,5.84,5.75,4.81
269,46.78165999993548,-117.07750399999632,20,30,6.09,6.29,5.76
269,46.78165999993548,-117.07750399999632,30,55,5.82,5.84,6.39
269,46.78165999993548,-117.07750399999632,55,81,5.94,5.92,NA
269,46.78165999993548,-117.07750399999632,55,92,NA,NA,6.59
269,46.78165999993548,-117.07750399999632,81,111,6.11,6.17,NA
269,46.78165999993548,-117.07750399999632,92,116,NA,NA,6.64
269,46.78165999993548,-117.07750399999632,111,153,6.35,6.17,NA
269,46.78165999993548,-117.07750399999632,116,153,NA,NA,6.84
271,46.78155799992734,-117.07666799999859,0,10,4.99,5.08,4.73
271,46.78155799992734,-117.07666799999859,10,20,5.06,5.52,5.21
271,46.78155799992734,-117.07666799999859,20,30,5.83,6.35,4.86
271,46.78155799992734,-117.07666799999859,30,57,NA,NA,6.32
271,46.78155799992734,-117.07666799999859,30,59,5.94,6.26,NA
271,46.78155799992734,-117.07666799999859,57,90,NA,NA,6.71
271,46.78155799992734,-117.07666799999859,59,93,6.4,6.53,NA
271,46.78155799992734,-117.07666799999859,90,127,NA,NA,7.2
271,46.78155799992734,-117.07666799999859,93,127,6.59,6.98,NA
271,46.78155799992734,-117.07666799999859,127,153,6.7,7.08,7.32
273,46.78192999992811,-117.08517200000414,0,10,5.14,4.61,4.52
273,46.78192999992811,-117.08517200000414,10,20,5.44,5.16,4.96
273,46.78192999992811,-117.08517200000414,20,30,6.31,5.9,5.61
273,46.78192999992811,-117.08517200000414,30,47,5.59,5.73,6.08
273,46.78192999992811,-117.08517200000414,47,69,5.99,6.03,6.56
273,46.78192999992811,-117.08517200000414,69,96,NA,NA,6.7
273,46.78192999992811,-117.08517200000414,69,124,6.14,6.16,NA
273,46.78192999992811,-117.08517200000414,96,124,NA,NA,6.65
273,46.78192999992811,-117.08517200000414,124,153,6.25,6.45,6.98
275,46.78187777916144,-117.08435696899373,0,10,5.43,4.99,5
275,46.78187777916144,-117.08435696899373,10,20,5.8,5.45,4.74
275,46.78187777916144,-117.08435696899373,20,30,6.25,6.15,5.65
275,46.78187777916144,-117.08435696899373,30,46,5.94,5.88,6.04
275,46.78187777916144,-117.08435696899373,46,74,6.21,6.17,6.52
275,46.78187777916144,-117.08435696899373,74,111,6.45,6.33,6.81
275,46.78187777916144,-117.08435696899373,111,153,6.58,6.62,7.03
277,46.78188299993485,-117.08349999999902,0,10,5.3,4.73,5.12
277,46.78188299993485,-117.08349999999902,10,20,5.87,5.19,5.16
277,46.78188299993485,-117.08349999999902,20,30,6.25,6.75,5.85
277,46.78188299993485,-117.08349999999902,30,42,6.04,6.38,6.02
277,46.78188299993485,-117.08349999999902,42,89,6.76,8.18,6.74
277,46.78188299993485,-117.08349999999902,89,128,7.78,8.62,7.21
277,46.78188299993485,-117.08349999999902,128,153,7.61,8.61,7.74
279,46.78185936658161,-117.0826500763833,0,10,5.18,5.06,4.62
279,46.78185936658161,-117.0826500763833,10,20,5.53,5.5,5.15
279,46.78185936658161,-117.0826500763833,20,30,6.29,6.09,5.58
279,46.78185936658161,-117.0826500763833,30,44,6.1,6.12,6.33
279,46.78185936658161,-117.0826500763833,44,65,6.19,6.21,6.66
279,46.78185936658161,-117.0826500763833,65,116,6.55,6.39,6.96
279,46.78185936658161,-117.0826500763833,116,153,6.82,6.59,7.23
281,46.78170481472037,-117.08181227504208,0,10,4.77,5.04,4.78
281,46.78170481472037,-117.08181227504208,10,20,5.27,5.15,5.47
281,46.78170481472037,-117.08181227504208,20,30,6.41,6.23,6.16
281,46.78170481472037,-117.08181227504208,30,55,6.36,6.29,6.42
281,46.78170481472037,-117.08181227504208,55,76,NA,NA,6.79
281,46.78170481472037,-117.08181227504208,55,92,6.8,0,NA
281,46.78170481472037,-117.08181227504208,76,110,NA,NA,7.18
281,46.78170481472037,-117.08181227504208,92,127,7.7,7.8,NA
281,46.78170481472037,-117.08181227504208,110,153,NA,NA,7.73
281,46.78170481472037,-117.08181227504208,127,153,7.69,7.63,NA
283,46.781852999928915,-117.08099199999462,0,10,4.61,5.03,4.71
283,46.781852999928915,-117.08099199999462,10,20,4.99,5.27,4.75
283,46.781852999928915,-117.08099199999462,20,30,5.65,5.83,6.03
283,46.781852999928915,-117.08099199999462,30,51,6.54,6.22,6.31
283,46.781852999928915,-117.08099199999462,51,105,6.82,6.65,6.76
283,46.781852999928915,-117.08099199999462,105,127,6.74,7.01,7.06
283,46.781852999928915,-117.08099199999462,127,153,7.14,7.07,7.24
285,46.781971999935365,-117.08015599999653,0,10,5.18,5.07,4.47
285,46.781971999935365,-117.08015599999653,10,20,5.64,5.56,5.16
285,46.781971999935365,-117.08015599999653,20,30,6.45,6.41,5.86
285,46.781971999935365,-117.08015599999653,30,60,6.3,6.05,6.36
285,46.781971999935365,-117.08015599999653,60,80,6.39,6.47,6.69
285,46.781971999935365,-117.08015599999653,80,115,6.58,6.66,6.95
285,46.781971999935365,-117.08015599999653,115,153,6.65,6.88,7.05
287,46.7819069999356,-117.07931999999558,0,10,5.35,5.05,4.9
287,46.7819069999356,-117.07931999999558,10,20,5.12,5.43,4.71
287,46.7819069999356,-117.07931999999558,20,30,6.03,6.02,5.82
287,46.7819069999356,-117.07931999999558,30,38,5.84,5.88,6.27
287,46.7819069999356,-117.07931999999558,38,60,6.09,6.32,6.58
287,46.7819069999356,-117.07931999999558,60,99,6.35,6.77,6.91
287,46.7819069999356,-117.07931999999558,99,153,6.6,7,7.72
289,46.7818399999322,-117.0784840000056,0,10,5.19,5.12,4.76
289,46.7818399999322,-117.0784840000056,10,20,5.42,5.53,4.92
289,46.7818399999322,-117.0784840000056,20,30,6.09,6.02,6.27
289,46.7818399999322,-117.0784840000056,30,44,5.69,5.94,6.07
289,46.7818399999322,-117.0784840000056,44,80,6.19,6.54,6.55
289,46.7818399999322,-117.0784840000056,80,112,6.46,6.88,6.82
289,46.7818399999322,-117.0784840000056,112,127,6.58,7.09,7.11
289,46.7818399999322,-117.0784840000056,127,153,NA,NA,7.26
291,46.7817819999321,-117.0776480000042,0,10,5.13,5.17,4.75
291,46.7817819999321,-117.0776480000042,10,20,5.38,5.6,4.68
291,46.7817819999321,-117.0776480000042,20,30,5.9,6.16,5.88
291,46.7817819999321,-117.0776480000042,30,33,5.9,5.56,5.85
291,46.7817819999321,-117.0776480000042,33,49,5.79,6.2,6.36
291,46.7817819999321,-117.0776480000042,49,85,6.18,6.39,6.88
291,46.7817819999321,-117.0776480000042,85,114,6.51,6.73,6.78
291,46.7817819999321,-117.0776480000042,114,153,6.56,6.83,6.84
293,46.78171999993043,-117.07681200000135,0,10,4.75,4.97,4.52
293,46.78171999993043,-117.07681200000135,10,20,5.02,5.41,5.21
293,46.78171999993043,-117.07681200000135,20,30,5.88,6.18,5.8
293,46.78171999993043,-117.07681200000135,30,36,5.75,5.35,5.98
293,46.78171999993043,-117.07681200000135,36,79,6.21,6.31,6.55
293,46.78171999993043,-117.07681200000135,79,117,6.37,6.49,6.78
293,46.78171999993043,-117.07681200000135,117,153,6.41,6.54,6.95
298,46.78221599992821,-117.08511799999735,0,10,4.38,4.86,4.59
298,46.78221599992821,-117.08511799999735,10,20,5.11,5.26,4.88
298,46.78221599992821,-117.08511799999735,20,30,6.38,5.84,5.9
298,46.78221599992821,-117.08511799999735,30,42,6.09,6.13,6.01
298,46.78221599992821,-117.08511799999735,42,84,6.31,6.35,6.59
298,46.78221599992821,-117.08511799999735,84,128,6.39,6.36,6.83
298,46.78221599992821,-117.08511799999735,128,153,6.38,6.29,6.94
300,46.78215299993329,-117.08428200000387,0,10,4.93,5.17,4.88
300,46.78215299993329,-117.08428200000387,10,20,5.14,5.3,5.18
300,46.78215299993329,-117.08428200000387,20,30,5.6,6.04,5.92
300,46.78215299993329,-117.08428200000387,30,34,5.6,5.56,5.69
300,46.78215299993329,-117.08428200000387,34,70,6.09,6.07,6.41
300,46.78215299993329,-117.08428200000387,70,108,6.35,6.51,6.73
300,46.78215299993329,-117.08428200000387,108,153,6.42,6.71,6.97
302,46.78215461848905,-117.0834302635791,0,10,5.05,4.89,5.19
302,46.78215461848905,-117.0834302635791,10,20,5.22,5.33,5.11
302,46.78215461848905,-117.0834302635791,20,30,5.87,6.23,5.69
302,46.78215461848905,-117.0834302635791,30,37,5.58,5.7,5.76
302,46.78215461848905,-117.0834302635791,37,71,5.85,6.21,6.46
302,46.78215461848905,-117.0834302635791,71,104,6.24,6.57,6.83
302,46.78215461848905,-117.0834302635791,104,125,6.49,6.85,7
302,46.78215461848905,-117.0834302635791,125,153,6.51,6.85,7.17
304,46.78215899993235,-117.08261000000589,0,10,4.74,4.67,4.63
304,46.78215899993235,-117.08261000000589,10,20,5.12,5.49,5.04
304,46.78215899993235,-117.08261000000589,20,30,6.19,6.68,6.05
304,46.78215899993235,-117.08261000000589,30,61,5.99,6.26,6.18
304,46.78215899993235,-117.08261000000589,61,96,6.37,6.6,6.7
304,46.78215899993235,-117.08261000000589,96,123,6.6,6.65,6.9
304,46.78215899993235,-117.08261000000589,123,153,6.62,6.69,7.02
306,46.781997999933914,-117.08177400000321,0,10,5.26,5.33,4.5
306,46.781997999933914,-117.08177400000321,10,20,5.5,5.36,5.14
306,46.781997999933914,-117.08177400000321,20,30,6.54,6.21,6.08
306,46.781997999933914,-117.08177400000321,30,49,6.04,6,6.67
306,46.781997999933914,-117.08177400000321,49,78,6.27,6.47,6.95
306,46.781997999933914,-117.08177400000321,78,120,6.46,6.74,7.22
306,46.781997999933914,-117.08177400000321,120,153,6.65,6.92,7.41
308,46.78213899992965,-117.08093800000344,0,10,5.11,5.17,4.78
308,46.78213899992965,-117.08093800000344,10,20,5.47,5.31,5.19
308,46.78213899992965,-117.08093800000344,20,30,6.55,6.12,6.2
308,46.78213899992965,-117.08093800000344,30,64,6.15,6.25,6.11
308,46.78213899992965,-117.08093800000344,64,101,6.49,6.71,6.83
308,46.78213899992965,-117.08093800000344,101,127,6.69,6.98,7.01
308,46.78213899992965,-117.08093800000344,127,153,6.73,7.04,7.19
310,46.78225799993128,-117.08010200000604,0,10,4.99,5.32,4.48
310,46.78225799993128,-117.08010200000604,10,20,5.97,5.8,4.94
310,46.78225799993128,-117.08010200000604,20,30,5.21,5.99,5.79
310,46.78225799993128,-117.08010200000604,30,53,6.05,6.09,NA
310,46.78225799993128,-117.08010200000604,30,58,NA,NA,6.13
310,46.78225799993128,-117.08010200000604,53,83,6.39,6.38,NA
310,46.78225799993128,-117.08010200000604,58,83,NA,NA,6.61
310,46.78225799993128,-117.08010200000604,83,114,6.61,6.75,6.85
310,46.78225799993128,-117.08010200000604,114,153,6.68,6.86,7.17
312,46.78221345801437,-117.07930181125647,0,10,5.11,5.16,4.93
312,46.78221345801437,-117.07930181125647,10,20,5.3,5.52,5.26
312,46.78221345801437,-117.07930181125647,20,30,6.06,6.16,6.25
312,46.78221345801437,-117.07930181125647,30,36,0,0,6.04
312,46.78221345801437,-117.07930181125647,36,64,6.34,6.16,6.55
312,46.78221345801437,-117.07930181125647,64,110,6.52,6.38,6.84
312,46.78221345801437,-117.07930181125647,110,153,6.6,6.55,7.03
314,46.78212599992811,-117.0784300000039,0,10,5.44,4.91,4.79
314,46.78212599992811,-117.0784300000039,10,20,5.43,5.4,5.03
314,46.78212599992811,-117.0784300000039,20,30,5.85,5.92,5.67
314,46.78212599992811,-117.0784300000039,30,43,5.71,5.71,6.1
314,46.78212599992811,-117.0784300000039,43,73,NA,NA,6.57
314,46.78212599992811,-117.0784300000039,43,76,5.87,5.98,NA
314,46.78212599992811,-117.0784300000039,73,113,NA,NA,6.47
314,46.78212599992811,-117.0784300000039,76,113,5.78,5.64,NA
314,46.78212599992811,-117.0784300000039,113,153,6.66,6.37,6.53
316,46.782067999932124,-117.07759399999557,0,10,5.17,5.16,4.98
316,46.782067999932124,-117.07759399999557,10,20,5.24,5.55,5.32
316,46.782067999932124,-117.07759399999557,20,30,5.86,6.24,5.86
316,46.782067999932124,-117.07759399999557,30,54,NA,NA,6.2
316,46.782067999932124,-117.07759399999557,30,58,5.64,5.84,NA
316,46.782067999932124,-117.07759399999557,54,75,NA,NA,6.83
316,46.782067999932124,-117.07759399999557,58,89,6.29,6.48,NA
316,46.782067999932124,-117.07759399999557,75,100,NA,NA,6.95
316,46.782067999932124,-117.07759399999557,89,105,6.74,6.46,NA
316,46.782067999932124,-117.07759399999557,100,121,NA,NA,7.03
316,46.782067999932124,-117.07759399999557,105,121,6.91,6.79,NA
316,46.782067999932124,-117.07759399999557,121,153,7.22,6.95,7.2
324,46.78234999992868,-117.08475100000491,0,10,4.84,4.64,4.73
324,46.78234999992868,-117.08475100000491,10,20,5.18,5.23,5.2
324,46.78234999992868,-117.08475100000491,20,30,6.29,5.88,5.72
324,46.78234999992868,-117.08475100000491,30,59,5.8,5.81,6.14
324,46.78234999992868,-117.08475100000491,59,103,6.1,6.12,6.59
324,46.78234999992868,-117.08475100000491,103,153,6.19,6.31,6.74
326,46.782391999929814,-117.08391499999608,0,10,5.1,4.79,4.75
326,46.782391999929814,-117.08391499999608,10,20,5.11,5.29,5.1
326,46.782391999929814,-117.08391499999608,20,30,5.35,5.79,5.68
326,46.782391999929814,-117.08391499999608,30,32,5.35,5.4,5.32
326,46.782391999929814,-117.08391499999608,32,60,5.63,5.89,6.16
326,46.782391999929814,-117.08391499999608,60,97,6.22,6.13,6.69
326,46.782391999929814,-117.08391499999608,97,141,6.41,6.56,6.99
326,46.782391999929814,-117.08391499999608,141,153,6.39,6.55,7.08
328,46.78237599993534,-117.08307900000428,0,10,5.17,5.22,4.8
328,46.78237599993534,-117.08307900000428,10,20,5.19,5.08,4.9
328,46.78237599993534,-117.08307900000428,20,30,5.81,5.64,5.82
328,46.78237599993534,-117.08307900000428,30,52,6.09,6.03,6.24
328,46.78237599993534,-117.08307900000428,52,84,6.44,6.48,6.55
328,46.78237599993534,-117.08307900000428,84,127,6.74,6.81,7.16
328,46.78237599993534,-117.08307900000428,127,153,6.8,6.95,7.65
330,46.78248199993588,-117.0822430000039,0,10,4.59,4.8,4.61
330,46.78248199993588,-117.0822430000039,10,20,5.21,5.15,4.93
330,46.78248199993588,-117.0822430000039,20,30,5.69,6.25,5.79
330,46.78248199993588,-117.0822430000039,30,57,6.19,6.31,6.36
330,46.78248199993588,-117.0822430000039,57,92,6.49,6.47,6.78
330,46.78248199993588,-117.0822430000039,92,133,6.62,6.68,7.18
330,46.78248199993588,-117.0822430000039,133,153,6.5,6.77,7.2
332,46.78242299993423,-117.0814069999997,0,10,5.18,5.01,4.64
332,46.78242299993423,-117.0814069999997,10,20,5.37,5.26,5.12
332,46.78242299993423,-117.0814069999997,20,30,6,5.92,5.87
332,46.78242299993423,-117.0814069999997,30,53,5.95,6.03,6.62
332,46.78242299993423,-117.0814069999997,53,107,6.11,6.51,6.65
332,46.78242299993423,-117.0814069999997,107,135,6.37,6.89,7.09
332,46.78242299993423,-117.0814069999997,135,153,6.24,6.95,7.23
334,46.782280999927586,-117.08057100000387,0,10,4.58,4.93,4.74
334,46.782280999927586,-117.08057100000387,10,20,5.37,5.5,4.91
334,46.782280999927586,-117.08057100000387,20,30,6.39,6.27,6.03
334,46.782280999927586,-117.08057100000387,30,43,5.97,6.04,6.19
334,46.782280999927586,-117.08057100000387,43,72,6.28,6.36,6.6
334,46.782280999927586,-117.08057100000387,72,97,6.46,6.5,7.01
334,46.782280999927586,-117.08057100000387,97,126,6.53,6.69,7.29
334,46.782280999927586,-117.08057100000387,126,153,6.55,6.71,7.39
336,46.78251499993372,-117.07973500000217,0,10,5.01,4.83,4.26
336,46.78251499993372,-117.07973500000217,10,20,5.12,5.29,5.09
336,46.78251499993372,-117.07973500000217,20,30,5.79,5.41,5.59
336,46.78251499993372,-117.07973500000217,30,48,5.78,5.76,6.2
336,46.78251499993372,-117.07973500000217,48,90,5.97,6.14,6.56
336,46.78251499993372,-117.07973500000217,90,120,6.22,6.45,6.85
336,46.78251499993372,-117.07973500000217,120,153,6.34,6.42,6.94
338,46.78239454805346,-117.07889104753009,0,10,4.98,4.49,4.84
338,46.78239454805346,-117.07889104753009,10,20,4.9,4.85,5.06
338,46.78239454805346,-117.07889104753009,20,30,5.07,5.32,5.7
338,46.78239454805346,-117.07889104753009,30,60,5.26,5.52,6.07
338,46.78239454805346,-117.07889104753009,60,73,NA,NA,6.68
338,46.78239454805346,-117.07889104753009,60,88,5.76,6.05,NA
338,46.78239454805346,-117.07889104753009,73,106,NA,NA,6.73
338,46.78239454805346,-117.07889104753009,88,125,6.01,5.95,NA
338,46.78239454805346,-117.07889104753009,106,153,NA,NA,6.78
338,46.78239454805346,-117.07889104753009,125,153,5.95,5.85,NA
349,46.78272499993558,-117.08419899999996,0,10,5.03,5.07,4.95
349,46.78272499993558,-117.08419899999996,10,20,4.99,5.21,4.83
349,46.78272499993558,-117.08419899999996,20,30,5.69,5.78,5.45
349,46.78272499993558,-117.08419899999996,30,34,5.69,5.18,5.56
349,46.78272499993558,-117.08419899999996,34,68,5.55,5.97,6.32
349,46.78272499993558,-117.08419899999996,68,89,5.81,6.27,6.73
349,46.78272499993558,-117.08419899999996,89,109,5.94,6.24,6.7
349,46.78272499993558,-117.08419899999996,109,153,5.97,6.3,6.93
351,46.78274099993623,-117.08336300000117,0,10,5.05,5.15,4.91
351,46.78274099993623,-117.08336300000117,10,20,5.26,5.05,5
351,46.78274099993623,-117.08336300000117,20,30,5.87,5.94,5.65
351,46.78274099993623,-117.08336300000117,30,32,5.87,5.13,5.62
351,46.78274099993623,-117.08336300000117,32,78,6.14,6.13,6.39
351,46.78274099993623,-117.08336300000117,78,112,6.67,6.48,6.72
351,46.78274099993623,-117.08336300000117,112,153,6.97,6.62,7.01
353,46.782730999934905,-117.08252699999639,0,10,5.09,4.43,4.96
353,46.782730999934905,-117.08252699999639,10,20,5.08,5.32,4.16
353,46.782730999934905,-117.08252699999639,20,30,5.87,6.04,5.57
353,46.782730999934905,-117.08252699999639,30,46,5.74,5.95,6.28
353,46.782730999934905,-117.08252699999639,46,80,6.09,6.18,6.7
353,46.782730999934905,-117.08252699999639,80,120,6.34,6.45,6.99
353,46.782730999934905,-117.08252699999639,120,153,6.39,6.66,7.25
355,46.78256999993061,-117.0816910000048,0,10,5.21,5.27,4.67
355,46.78256999993061,-117.0816910000048,10,20,5.24,5.38,4.78
355,46.78256999993061,-117.0816910000048,20,30,5.88,6.03,5.55
355,46.78256999993061,-117.0816910000048,30,37,5.63,5.52,6.03
355,46.78256999993061,-117.0816910000048,37,62,5.88,6.09,6.26
355,46.78256999993061,-117.0816910000048,62,107,6.28,6.3,6.7
355,46.78256999993061,-117.0816910000048,107,153,6.43,6.66,7.03
357,46.78271099993514,-117.08085500000176,0,10,5.02,5.03,4.73
357,46.78271099993514,-117.08085500000176,10,20,5.14,5.48,4.91
357,46.78271099993514,-117.08085500000176,20,30,5.77,6.25,5.67
357,46.78271099993514,-117.08085500000176,30,44,5.71,6.14,6.4
357,46.78271099993514,-117.08085500000176,44,61,5.91,6.25,6.69
357,46.78271099993514,-117.08085500000176,61,74,NA,NA,6.79
357,46.78271099993514,-117.08085500000176,61,83,6.08,6.42,NA
357,46.78271099993514,-117.08085500000176,74,103,NA,NA,6.78
357,46.78271099993514,-117.08085500000176,83,103,6.26,6.49,NA
357,46.78271099993514,-117.08085500000176,103,153,6.32,6.72,6.31
359,46.78282999992979,-117.0800189999952,0,10,5.22,5.06,4.61
359,46.78282999992979,-117.0800189999952,10,20,5.38,5.45,4.69
359,46.78282999992979,-117.0800189999952,20,30,5.6,6.12,4.91
359,46.78282999992979,-117.0800189999952,30,52,5.85,5.9,6.06
359,46.78282999992979,-117.0800189999952,52,85,6.28,6.25,6.63
359,46.78282999992979,-117.0800189999952,85,119,6.39,6.37,6.75
359,46.78282999992979,-117.0800189999952,119,153,6.24,6.26,6.83
371,46.78296596651179,-117.08422983281821,0,10,5.12,4.55,4.53
371,46.78296596651179,-117.08422983281821,10,20,5.06,5.09,4.71
371,46.78296596651179,-117.08422983281821,20,30,5.88,5.65,5.55
371,46.78296596651179,-117.08422983281821,30,57,5.84,5.67,6.31
371,46.78296596651179,-117.08422983281821,57,77,6.2,5.88,6.69
371,46.78296596651179,-117.08422983281821,77,89,6.3,6.13,7.09
371,46.78296596651179,-117.08422983281821,89,117,6.71,5.94,7.12
371,46.78296596651179,-117.08422983281821,117,153,6.58,6.12,7.16
373,46.78302699992951,-117.08337999999554,0,10,5.05,4.86,4.64
373,46.78302699992951,-117.08337999999554,10,20,5.26,5.37,4.91
373,46.78302699992951,-117.08337999999554,20,30,5.64,5.81,5.54
373,46.78302699992951,-117.08337999999554,30,35,5.5,5.18,5.64
373,46.78302699992951,-117.08337999999554,35,68,5.86,5.96,6.36
373,46.78302699992951,-117.08337999999554,68,96,6.23,6.25,6.72
373,46.78302699992951,-117.08337999999554,96,124,5.54,6.35,7.31
373,46.78302699992951,-117.08337999999554,124,153,5.38,6.25,7.17
375,46.783006216596036,-117.08252826907024,0,10,5.14,5.23,4.93
375,46.783006216596036,-117.08252826907024,10,20,5.2,5.15,5
375,46.783006216596036,-117.08252826907024,20,30,6.13,5.87,5.39
375,46.783006216596036,-117.08252826907024,30,59,5.97,6.06,6.38
375,46.783006216596036,-117.08252826907024,59,106,6.32,6.44,6.89
375,46.783006216596036,-117.08252826907024,106,135,6.53,6.72,7.11
375,46.783006216596036,-117.08252826907024,135,153,6.56,6.49,7.32
377,46.78282132263513,-117.08165033023059,0,10,4.79,5.08,4.7
377,46.78282132263513,-117.08165033023059,10,20,5.38,5.79,4.76
377,46.78282132263513,-117.08165033023059,20,30,6.17,6.06,5.68
377,46.78282132263513,-117.08165033023059,30,41,5.76,5.72,6.08
377,46.78282132263513,-117.08165033023059,41,76,6.03,6.19,6.95
377,46.78282132263513,-117.08165033023059,76,107,6.3,6.48,6.52
377,46.78282132263513,-117.08165033023059,107,133,6.44,6.87,7
377,46.78282132263513,-117.08165033023059,133,153,6.55,6.87,6.49
379,46.78299699993239,-117.08087200000193,0,10,5.05,5.18,4.74
379,46.78299699993239,-117.08087200000193,10,20,5.37,5.35,4.95
379,46.78299699993239,-117.08087200000193,20,30,6.19,5.95,5.67
379,46.78299699993239,-117.08087200000193,30,39,5.92,5.63,NA
379,46.78299699993239,-117.08087200000193,30,50,NA,NA,5.85
379,46.78299699993239,-117.08087200000193,39,84,6,6.22,NA
379,46.78299699993239,-117.08087200000193,50,84,NA,NA,6.45
379,46.78299699993239,-117.08087200000193,84,120,6.32,6.43,6.86
379,46.78299699993239,-117.08087200000193,120,153,6.31,6.56,7.06
381,46.78311599992791,-117.08003599999515,0,10,4.78,4.78,4.24
381,46.78311599992791,-117.08003599999515,10,20,5.21,5.26,4.85
381,46.78311599992791,-117.08003599999515,20,30,5.71,6.21,5.61
381,46.78311599992791,-117.08003599999515,30,33,5.71,5.26,5.81
381,46.78311599992791,-117.08003599999515,33,59,5.62,5.69,6.24
381,46.78311599992791,-117.08003599999515,59,69,NA,NA,6.45
381,46.78311599992791,-117.08003599999515,59,74,5.87,6.11,NA
381,46.78311599992791,-117.08003599999515,69,89,NA,NA,6.68
381,46.78311599992791,-117.08003599999515,74,89,6.18,6.21,NA
381,46.78311599992791,-117.08003599999515,89,118,NA,NA,6.62
381,46.78311599992791,-117.08003599999515,118,153,NA,NA,6.58
395,46.78331299993314,-117.08349799999968,0,10,5.38,4.7,4.5
395,46.78331299993314,-117.08349799999968,10,20,5.66,4.98,4.4
395,46.78331299993314,-117.08349799999968,20,30,5.89,5.85,5.52
395,46.78331299993314,-117.08349799999968,30,32,5.89,4.91,5.54
395,46.78331299993314,-117.08349799999968,32,53,5.39,5.76,6.27
395,46.78331299993314,-117.08349799999968,53,84,NA,NA,6.59
395,46.78331299993314,-117.08349799999968,53,87,5.68,5.97,NA
395,46.78331299993314,-117.08349799999968,84,112,NA,NA,6.77
395,46.78331299993314,-117.08349799999968,87,112,5.89,5.96,NA
395,46.78331299993314,-117.08349799999968,112,153,5.96,6.08,6.78
397,46.783302999928296,-117.08266199999736,0,10,5.63,5.06,4.73
397,46.783302999928296,-117.08266199999736,10,20,5.49,5.25,4.84
397,46.783302999928296,-117.08266199999736,20,30,5.99,5.88,4.62
397,46.783302999928296,-117.08266199999736,30,46,5.96,0,6.18
397,46.783302999928296,-117.08266199999736,46,67,6.13,0,6.58
397,46.783302999928296,-117.08266199999736,67,94,6.23,0,6.89
397,46.783302999928296,-117.08266199999736,94,128,6.15,0,7.13
397,46.783302999928296,-117.08266199999736,128,153,6.02,0,7.11
399,46.78314199993558,-117.08182599999543,0,10,4.59,5.17,4.82
399,46.78314199993558,-117.08182599999543,10,20,5.18,5.33,5
399,46.78314199993558,-117.08182599999543,20,30,5.72,5.65,5.45
399,46.78314199993558,-117.08182599999543,30,38,5.31,5.29,6.1
399,46.78314199993558,-117.08182599999543,38,54,NA,NA,6.58
399,46.78314199993558,-117.08182599999543,38,74,5.83,6.04,NA
399,46.78314199993558,-117.08182599999543,54,99,NA,NA,7.01
399,46.78314199993558,-117.08182599999543,74,103,5.99,6.31,NA
399,46.78314199993558,-117.08182599999543,99,153,NA,NA,6.81
399,46.78314199993558,-117.08182599999543,103,153,5.77,6.11,NA
401,46.78328299993045,-117.0809899999946,0,10,4.99,5.29,4.64
401,46.78328299993045,-117.0809899999946,10,20,5.22,5.3,4.77
401,46.78328299993045,-117.0809899999946,20,30,5.71,6.02,5.39
401,46.78328299993045,-117.0809899999946,30,50,NA,NA,6.18
401,46.78328299993045,-117.0809899999946,30,57,5.3,5.83,NA
401,46.78328299993045,-117.0809899999946,50,94,NA,NA,6.84
401,46.78328299993045,-117.0809899999946,57,97,6,6.13,NA
401,46.78328299993045,-117.0809899999946,94,128,NA,NA,7.13
401,46.78328299993045,-117.0809899999946,97,128,5.82,6.22,NA
401,46.78328299993045,-117.0809899999946,128,153,5.67,6.23,7.02
419,46.783457103099956,-117.08321056236673,0,10,4.48,4.6,4.59
419,46.783457103099956,-117.08321056236673,10,20,5.31,5.25,5
419,46.783457103099956,-117.08321056236673,20,30,5.71,5.96,5.39
419,46.783457103099956,-117.08321056236673,30,43,5.41,5.31,5.85
419,46.783457103099956,-117.08321056236673,43,66,5.59,5.51,6.12
419,46.783457103099956,-117.08321056236673,66,87,6.09,5.77,6.32
419,46.783457103099956,-117.08321056236673,87,104,6.01,5.72,6.48
419,46.783457103099956,-117.08321056236673,104,126,5.9,6.02,6.46
419,46.783457103099956,-117.08321056236673,126,153,6.07,6.09,6.5
421,46.783552314195504,-117.0823667769971,0,10,4.93,6.43,4.52
421,46.783552314195504,-117.0823667769971,10,20,5.42,0,4.89
421,46.783552314195504,-117.0823667769971,20,30,5.76,0,5.52
421,46.783552314195504,-117.0823667769971,30,37,NA,NA,5.5
421,46.783552314195504,-117.0823667769971,30,42,5.41,0,NA
421,46.783552314195504,-117.0823667769971,37,73,NA,NA,6.15
421,46.783552314195504,-117.0823667769971,42,73,5.6,0,NA
421,46.783552314195504,-117.0823667769971,73,92,NA,NA,6.23
421,46.783552314195504,-117.0823667769971,73,98,5.83,0,NA
421,46.783552314195504,-117.0823667769971,92,126,NA,NA,6.39
421,46.783552314195504,-117.0823667769971,98,126,6.18,0,NA
421,46.783552314195504,-117.0823667769971,126,153,6.18,0,6.45
423,46.78355262941661,-117.08148354908533,0,10,5.79,6.15,4.92
423,46.78355262941661,-117.08148354908533,10,20,5.87,0,4.84
423,46.78355262941661,-117.08148354908533,20,30,6.25,0,5.59
423,46.78355262941661,-117.08148354908533,30,32,6.25,5.5,5.38
423,46.78355262941661,-117.08148354908533,32,60,5.49,5.71,6.23
423,46.78355262941661,-117.08148354908533,60,106,5.64,5.74,6.29
423,46.78355262941661,-117.08148354908533,106,128,5.81,5.67,6.42
423,46.78355262941661,-117.08148354908533,128,145,6.23,6.16,6.78
423,46.78355262941661,-117.08148354908533,145,153,6.6,6.69,6.91
425,46.7834249999306,-117.08067900000107,0,10,5.5,6.25,4.21
425,46.7834249999306,-117.08067900000107,10,20,5.6,0,5.27
425,46.7834249999306,-117.08067900000107,20,30,6.07,0,5.89
425,46.7834249999306,-117.08067900000107,30,57,5.57,5.58,6.22
425,46.7834249999306,-117.08067900000107,57,87,5.87,6.02,6.64
425,46.7834249999306,-117.08067900000107,87,109,6,6.28,6.89
425,46.7834249999306,-117.08067900000107,109,153,5.98,6.09,6.8
